"Tarih","Şimdi","Açılış","Yüksek","Düşük","Hac.","Fark %"
"17.03.2024","32,0591","32,1168","32,5753","31,7250","","-0,22%"
"10.03.2024","32,1309","31,9984","32,5000","31,9094","","0,92%"
"03.03.2024","31,8369","31,4082","31,9729","31,3540","","1,55%"
"25.02.2024","31,3514","31,0610","31,4549","31,0040","","1,00%"
"18.02.2024","31,0401","30,8450","31,1842","30,6977","","0,64%"
"11.02.2024","30,8428","30,6779","30,9890","30,2166","","0,46%"
"04.02.2024","30,7008","30,5016","30,8063","30,2078","","0,70%"
"28.01.2024","30,4885","30,2586","30,5792","30,1948","","0,76%"
"21.01.2024","30,2596","30,2201","30,6496","29,9769","","0,17%"
"14.01.2024","30,2069","30,0795","30,3321","29,9096","","0,35%"
"07.01.2024","30,1012","29,8422","30,4055","29,8004","","0,94%"
"31.12.2023","29,8221","29,4477","29,9750","29,4001","","1,17%"
"24.12.2023","29,4768","29,1425","29,7336","29,0080","","0,70%"
"17.12.2023","29,2732","29,0077","29,4157","28,8012","","0,98%"
"10.12.2023","28,9895","28,9456","29,0931","28,8314","","0,20%"
"03.12.2023","28,9314","28,9270","29,1292","28,8250","","0,10%"
"26.11.2023","28,9019","28,8728","28,9629","28,7395","","0,13%"
"19.11.2023","28,8656","28,6770","28,9248","28,6031","","0,56%"
"12.11.2023","28,7051","28,5450","28,8747","28,3707","","0,51%"
"05.11.2023","28,5595","28,2150","28,8050","28,2150","","0,63%"
"29.10.2023","28,3797","28,2296","28,5666","28,1104","","0,75%"
"22.10.2023","28,1679","28,0137","28,3807","27,9900","","0,66%"
"15.10.2023","27,9840","27,8099","28,2519","27,6051","","0,67%"
"08.10.2023","27,7981","27,6298","28,1125","27,5585","","0,66%"
"01.10.2023","27,6155","27,4042","27,7854","27,2575","","0,76%"
"24.09.2023","27,4071","27,1700","27,6650","26,8896","","0,87%"
"17.09.2023","27,1700","26,9990","27,4459","26,7101","","0,65%"
"10.09.2023","26,9940","26,8502","27,2635","26,6136","","0,56%"
"03.09.2023","26,8433","26,7271","27,0840","26,4866","","0,43%"
"27.08.2023","26,7276","26,3550","26,9384","25,7953","","0,66%"
"20.08.2023","26,5515","27,0412","27,3044","25,0250","","-2,04%"
"13.08.2023","27,1057","26,9538","27,2968","26,6830","","0,88%"
"06.08.2023","26,8682","26,9048","27,2739","26,5429","","-0,16%"
"30.07.2023","26,9112","26,9042","27,4931","26,8836","","0,02%"
"23.07.2023","26,9064","26,9250","27,1698","26,8277","","-0,24%"
"16.07.2023","26,9705","26,1725","27,2219","25,9309","","2,97%"
"09.07.2023","26,1923","25,9775","26,2827","25,9273","","0,52%"
"02.07.2023","26,0564","25,7825","26,3269","25,6912","","0,02%"
"25.06.2023","26,0511","25,4250","26,2548","25,2574","","3,22%"
"18.06.2023","25,2375","23,4660","25,8083","23,3837","","6,87%"
"11.06.2023","23,6157","23,6500","23,9212","23,2325","","0,93%"
"04.06.2023","23,3985","21,0425","23,6420","21,0286","","11,62%"
"28.05.2023","20,9632","20,0123","21,1652","19,8956","","4,96%"
"21.05.2023","19,9727","19,7803","20,4700","19,7803","","0,81%"
"14.05.2023","19,8124","19,6140","19,8962","19,3816","","1,20%"
"07.05.2023","19,5783","19,5000","19,9132","19,3230","","0,33%"
"30.04.2023","19,5139","19,4425","19,5329","19,4111","","0,33%"
"23.04.2023","19,4492","19,4037","19,7168","19,3787","","0,20%"
"16.04.2023","19,4096","19,3624","19,5713","19,2979","","0,25%"
"09.04.2023","19,3613","19,2484","19,4198","19,2305","","0,56%"
"02.04.2023","19,2528","19,1863","19,4500","19,1750","","0,38%"
"26.03.2023","19,1793","19,0701","19,4223","19,0170","","0,69%"
"19.03.2023","19,0477","19,0105","19,2817","18,9408","","0,14%"
"12.03.2023","19,0208","18,9643","19,3130","18,7165","","0,31%"
"05.03.2023","18,9617","18,8016","19,0478","18,6888","","0,71%"
"26.02.2023","18,8288","18,8675","19,0081","18,7590","","-0,23%"
"19.02.2023","18,8731","18,8604","19,1088","18,7735","","0,23%"
"12.02.2023","18,8297","18,8155","18,9060","18,6320","","0,03%"
"05.02.2023","18,8241","18,8306","18,8693","18,6404","","0,00%"
"29.01.2023","18,8236","18,8139","18,8654","18,6110","","0,07%"
"22.01.2023","18,8109","18,7619","18,8426","18,5431","","0,26%"
"15.01.2023","18,7614","18,8035","18,8474","18,6045","","-0,22%"
"08.01.2023","18,8035","18,7528","18,8484","18,5539","","0,26%"
"01.01.2023","18,7544","18,6955","18,7984","18,5250","","0,34%"
"25.12.2022","18,6905","18,6594","18,7970","18,4502","","0,13%"
"18.12.2022","18,6657","18,4700","18,7217","18,4690","","0,14%"
"11.12.2022","18,6393","18,6479","18,7135","18,4180","","-0,08%"
"04.12.2022","18,6538","18,6329","18,6951","18,4385","","0,11%"
"27.11.2022","18,6330","18,5907","18,6915","18,4197","","0,22%"
"20.11.2022","18,5913","18,6234","18,6606","18,4021","","-0,17%"
"13.11.2022","18,6236","18,5928","18,6729","18,3867","","0,24%"
"06.11.2022","18,5784","18,5735","18,6349","18,2909","","0,05%"
"30.10.2022","18,5684","18,5917","18,6711","18,4128","","-0,08%"
"23.10.2022","18,5835","18,5933","18,6502","18,3293","","-0,07%"
"16.10.2022","18,5965","18,5791","18,6308","18,3951","","0,12%"
"09.10.2022","18,5740","18,5755","18,6796","18,3996","","-0,04%"
"02.10.2022","18,5821","18,5046","18,6653","18,2501","","0,43%"
"25.09.2022","18,5024","18,4014","18,5567","18,2614","","0,47%"
"18.09.2022","18,4156","18,2540","18,4215","18,1015","","0,87%"
"11.09.2022","18,2564","18,2204","18,2904","18,0551","","0,11%"
"04.09.2022","18,2364","18,1951","18,2550","18,0410","","0,20%"
"28.08.2022","18,2007","18,1827","18,2865","18,0361","","0,21%"
"21.08.2022","18,1629","18,0953","18,2206","17,9446","","0,42%"
"14.08.2022","18,0870","17,9294","18,1405","17,7201","","0,84%"
"07.08.2022","17,9363","17,9105","17,9816","17,5609","","0,13%"
"31.07.2022","17,9126","17,9059","18,0003","17,6585","","-0,01%"
"24.07.2022","17,9148","17,7378","17,9814","17,3474","","0,98%"
"17.07.2022","17,7415","17,3713","17,7892","17,2342","","1,96%"
"10.07.2022","17,4000","17,2738","17,5150","17,1700","","0,73%"
"03.07.2022","17,2733","16,7634","17,3286","16,5720","","3,04%"
"26.06.2022","16,7642","16,8627","16,8903","15,9029","","-0,73%"
"19.06.2022","16,8881","17,3136","17,4068","16,4765","","-2,54%"
"12.06.2022","17,3284","17,1090","17,3463","16,8209","","1,24%"
"05.06.2022","17,1158","16,4528","17,3180","16,3180","","4,25%"
"29.05.2022","16,4176","16,2179","16,5445","16,1090","","1,23%"
"22.05.2022","16,2180","15,9406","16,4913","15,6242","","1,98%"
"15.05.2022","15,9037","15,4829","15,9916","15,3336","","2,74%"
"08.05.2022","15,4798","14,9359","15,4914","14,8049","","3,54%"
"01.05.2022","14,9500","14,8355","14,9587","14,6482","","0,66%"
"24.04.2022","14,8517","14,7451","14,8731","14,6111","","0,74%"
"17.04.2022","14,7427","14,6365","14,7660","14,4618","","0,73%"
"10.04.2022","14,6360","14,7450","14,7596","14,4030","","-0,77%"
"03.04.2022","14,7491","14,6833","14,7748","14,5780","","0,43%"
"27.03.2022","14,6865","14,8342","14,8535","14,4890","","-1,01%"
"20.03.2022","14,8367","14,7998","14,8771","14,6811","","0,19%"
"13.03.2022","14,8090","14,7522","14,9141","14,4792","","0,30%"
"06.03.2022","14,7645","14,0090","15,0000","13,9900","","4,07%"
"27.02.2022","14,1865","13,8207","14,2682","13,5610","","2,62%"
"20.02.2022","13,8238","13,6361","14,6362","13,5192","","1,24%"
"13.02.2022","13,6541","13,5133","13,6904","13,3005","","0,99%"
"06.02.2022","13,5200","13,5539","13,6640","13,3444","","-0,36%"
"30.01.2022","13,5687","13,5305","13,6299","13,1291","","0,11%"
"23.01.2022","13,5532","13,4530","13,6695","13,1215","","0,78%"
"16.01.2022","13,4487","13,5383","13,6743","13,0490","","-0,57%"
"09.01.2022","13,5264","13,8645","13,9370","13,1191","","-2,51%"
"02.01.2022","13,8745","13,2463","13,9300","12,5235","","4,15%"
"26.12.2021","13,3211","10,5050","13,6195","10,5050","","25,08%"
"19.12.2021","10,6500","16,4818","18,3644","10,0610","","-35,13%"
"12.12.2021","16,4185","13,8721","17,0710","13,6450","","18,29%"
"05.12.2021","13,8801","13,6918","13,9553","13,4007","","1,29%"
"28.11.2021","13,7027","12,3991","13,8916","12,3243","","10,28%"
"21.11.2021","12,4253","11,2279","13,4937","10,9214","","10,58%"
"14.11.2021","11,2360","9,9885","11,3237","9,9315","","12,60%"
"07.11.2021","9,9784","9,6939","10,0236","9,6428","","2,94%"
"31.10.2021","9,6933","9,6212","9,7839","9,4637","","0,89%"
"24.10.2021","9,6080","9,6049","9,8595","9,3900","","0,10%"
"17.10.2021","9,5988","9,2790","9,6812","9,2062","","3,57%"
"10.10.2021","9,2683","8,9939","9,2912","8,9167","","3,25%"
"03.10.2021","8,9767","8,8665","9,0003","8,8303","","1,31%"
"26.09.2021","8,8609","8,8785","8,9614","8,8027","","-0,26%"
"19.09.2021","8,8836","8,6461","8,8968","8,5700","","2,77%"
"12.09.2021","8,6440","8,4800","8,6725","8,4036","","2,06%"
"05.09.2021","8,4694","8,3328","8,5296","8,2661","","1,76%"
"29.08.2021","8,3227","8,3675","8,4103","8,2629","","-0,37%"
"22.08.2021","8,3537","8,4992","8,5094","8,3268","","-1,65%"
"15.08.2021","8,4941","8,5281","8,5681","8,2651","","-0,35%"
"08.08.2021","8,5241","8,6235","8,6866","8,4910","","-1,23%"
"01.08.2021","8,6306","8,4665","8,6556","8,2846","","2,09%"
"25.07.2021","8,4540","8,5741","8,6461","8,3927","","-1,19%"
"18.07.2021","8,5554","8,5288","8,6166","8,4788","","0,37%"
"11.07.2021","8,5237","8,6704","8,6819","8,4733","","-1,58%"
"04.07.2021","8,6607","8,6923","8,7444","8,6236","","-0,34%"
"27.06.2021","8,6899","8,7727","8,7766","8,6342","","-0,87%"
"20.06.2021","8,7659","8,7492","8,8158","8,5896","","0,28%"
"13.06.2021","8,7418","8,3964","8,7661","8,2961","","4,23%"
"06.06.2021","8,3868","8,6602","8,6923","8,2550","","-3,25%"
"30.05.2021","8,6681","8,5615","8,7893","8,4578","","1,29%"
"23.05.2021","8,5576","8,4158","8,6237","8,3582","","1,66%"
"16.05.2021","8,4177","8,4741","8,4754","8,2921","","-0,41%"
"09.05.2021","8,4527","8,2493","8,5222","8,2124","","2,60%"
"02.05.2021","8,2386","8,2801","8,3787","8,2030","","-0,60%"
"25.04.2021","8,2884","8,4032","8,4992","8,1248","","-1,08%"
"18.04.2021","8,3786","8,0702","8,4222","8,0174","","3,80%"
"11.04.2021","8,0720","8,1758","8,2414","8,0013","","-1,17%"
"04.04.2021","8,1674","8,1785","8,2650","8,0880","","0,01%"
"28.03.2021","8,1669","8,1106","8,4595","7,9715","","0,33%"
"21.03.2021","8,1400","7,2215","8,1795","7,2205","","12,76%"
"14.03.2021","7,2190","7,5635","7,6393","7,1917","","-4,56%"
"07.03.2021","7,5636","7,5380","7,7859","7,4260","","0,33%"
"28.02.2021","7,5388","7,4259","7,5822","7,2158","","1,53%"
"21.02.2021","7,4253","6,9642","7,4866","6,9574","","6,63%"
"14.02.2021","6,9637","7,0366","7,0614","6,8860","","-1,04%"
"07.02.2021","7,0369","7,0601","7,1423","7,0025","","-0,24%"
"31.01.2021","7,0538","7,3151","7,3153","7,0305","","-3,57%"
"24.01.2021","7,3149","7,4147","7,4371","7,2670","","-1,34%"
"17.01.2021","7,4146","7,4719","7,5442","7,3430","","-0,81%"
"10.01.2021","7,4753","7,3508","7,5221","7,3390","","1,34%"
"03.01.2021","7,3762","7,4402","7,4469","7,2364","","-0,85%"
"27.12.2020","7,4392","7,5673","7,5704","7,2981","","-1,57%"
"20.12.2020","7,5575","7,6365","7,7447","7,5355","","-0,94%"
"13.12.2020","7,6289","7,8601","7,9408","7,6139","","-2,96%"
"06.12.2020","7,8612","7,8029","8,0315","7,7860","","0,74%"
"29.11.2020","7,8031","7,8353","7,9196","7,7439","","-0,41%"
"22.11.2020","7,8352","7,6384","8,0400","7,6325","","2,61%"
"15.11.2020","7,6359","7,6839","7,8005","7,4986","","-0,37%"
"08.11.2020","7,6642","8,4224","8,4498","7,5850","","-10,10%"
"01.11.2020","8,5250","8,3467","8,5839","8,3418","","2,13%"
"25.10.2020","8,3468","7,9615","8,3857","7,9562","","4,80%"
"18.10.2020","7,9648","7,9351","7,9825","7,7797","","0,38%"
"11.10.2020","7,9344","7,8616","7,9621","7,8520","","0,96%"
"04.10.2020","7,8593","7,7721","7,9585","7,7202","","1,09%"
"27.09.2020","7,7748","7,6648","7,8612","7,6117","","1,44%"
"20.09.2020","7,6647","7,5608","7,7200","7,4800","","1,38%"
"13.09.2020","7,5603","7,4720","7,5854","7,4490","","1,12%"
"06.09.2020","7,4764","7,4360","7,5017","7,3920","","0,53%"
"30.08.2020","7,4371","7,3334","7,4630","7,3030","","1,39%"
"23.08.2020","7,3349","7,3332","7,4181","7,2630","","-0,05%"
"16.08.2020","7,3386","7,3721","7,4017","7,1766","","-0,42%"
"09.08.2020","7,3698","7,2903","7,3887","7,1684","","1,04%"
"02.08.2020","7,2941","6,9758","7,3677","6,8862","","4,62%"
"26.07.2020","6,9719","6,8440","7,0119","6,8313","","1,80%"
"19.07.2020","6,8484","6,8574","6,8642","6,8153","","-0,15%"
"12.07.2020","6,8586","6,8691","6,8769","6,8384","","-0,10%"
"05.07.2020","6,8658","6,8625","6,8728","6,8319","","0,05%"
"28.06.2020","6,8624","6,8517","6,8834","6,8317","","0,11%"
"21.06.2020","6,8546","6,8486","6,8636","6,8260","","0,02%"
"14.06.2020","6,8530","6,8126","6,8638","6,8012","","0,59%"
"07.06.2020","6,8126","6,7534","6,8559","6,7510","","0,63%"
"31.05.2020","6,7700","6,8221","6,8274","6,6805","","-0,74%"
"24.05.2020","6,8202","6,8156","6,8419","6,6955","","0,08%"
"17.05.2020","6,8147","6,9028","6,9058","6,7544","","-1,25%"
"10.05.2020","6,9012","7,0844","7,1068","6,8875","","-2,58%"
"03.05.2020","7,0840","7,0138","7,2705","6,9930","","1,03%"
"26.04.2020","7,0120","6,9730","7,0441","6,9440","","0,54%"
"19.04.2020","6,9742","6,9284","7,0089","6,8690","","0,61%"
"12.04.2020","6,9318","6,7011","6,9588","6,6986","","3,46%"
"05.04.2020","6,7001","6,7311","6,7974","6,6128","","-0,46%"
"29.03.2020","6,7310","6,4559","6,7510","6,4429","","4,28%"
"22.03.2020","6,4550","6,5528","6,6120","6,3745","","-1,49%"
"15.03.2020","6,5525","6,3290","6,5649","6,2760","","3,48%"
"08.03.2020","6,3321","6,0919","6,3392","6,0833","","3,94%"
"01.03.2020","6,0919","6,2443","6,2605","6,0288","","-2,42%"
"23.02.2020","6,2427","6,0979","6,2605","6,0660","","2,40%"
"16.02.2020","6,0964","6,0551","6,1289","6,0340","","0,76%"
"09.02.2020","6,0505","6,0159","6,0683","5,9715","","0,59%"
"02.02.2020","6,0153","5,9819","6,0476","5,9560","","0,55%"
"26.01.2020","5,9822","5,9392","5,9876","5,9250","","0,73%"
"19.01.2020","5,9391","5,8790","5,9478","5,8790","","0,82%"
"12.01.2020","5,8908","5,8785","5,9106","5,8310","","0,22%"
"05.01.2020","5,8777","5,9722","5,9881","5,8535","","-1,58%"
"29.12.2019","5,9723","5,9493","5,9785","5,9320","","0,37%"
"22.12.2019","5,9502","5,9388","5,9604","5,9130","","0,17%"
"15.12.2019","5,9400","5,8115","5,9482","5,8028","","2,27%"
"08.12.2019","5,8082","5,7758","5,8264","5,7570","","0,55%"
"01.12.2019","5,7766","5,7465","5,7898","5,7230","","0,52%"
"24.11.2019","5,7470","5,7173","5,7914","5,6960","","0,59%"
"17.11.2019","5,7132","5,7434","5,7535","5,6790","","-0,56%"
"10.11.2019","5,7453","5,7671","5,7947","5,7280","","-0,37%"
"03.11.2019","5,7668","5,7065","5,7713","5,6750","","0,95%"
"27.10.2019","5,7124","5,7871","5,7889","5,7042","","-1,08%"
"20.10.2019","5,7748","5,7920","5,8669","5,7215","","-0,30%"
"13.10.2019","5,7919","5,8852","5,9383","5,7435","","-1,59%"
"06.10.2019","5,8853","5,7056","5,8996","5,6950","","3,32%"
"29.09.2019","5,6962","5,6708","5,7577","5,6280","","0,45%"
"22.09.2019","5,6708","5,7415","5,7438","5,6390","","-1,27%"
"15.09.2019","5,7439","5,6858","5,7494","5,6490","","1,02%"
"08.09.2019","5,6861","5,7126","5,7923","5,6440","","-0,51%"
"01.09.2019","5,7155","5,8316","5,8405","5,6390","","-1,97%"
"25.08.2019","5,8306","5,7612","5,8587","5,7606","","1,23%"
"18.08.2019","5,7599","5,5792","5,7899","5,5540","","3,25%"
"11.08.2019","5,5785","5,4914","5,6352","5,4861","","1,58%"
"04.08.2019","5,4917","5,5600","5,6185","5,4420","","-1,22%"
"28.07.2019","5,5597","5,6718","5,6718","5,5040","","-1,98%"
"21.07.2019","5,6718","5,6393","5,7680","5,6000","","0,30%"
"14.07.2019","5,6551","5,7208","5,7343","5,6080","","-1,13%"
"07.07.2019","5,7200","5,6404","5,8049","5,6403","","1,62%"
"30.06.2019","5,6288","5,7920","5,7920","5,5725","","-2,82%"
"23.06.2019","5,7921","5,8251","5,8341","5,7013","","-0,50%"
"16.06.2019","5,8214","5,8990","5,9270","5,7190","","-1,36%"
"09.06.2019","5,9015","5,8324","5,9329","5,7435","","1,21%"
"02.06.2019","5,8310","5,8399","5,8932","5,6641","","-0,12%"
"26.05.2019","5,8382","6,0844","6,1010","5,8090","","-4,02%"
"19.05.2019","6,0825","6,0558","6,1520","5,9910","","0,45%"
"12.05.2019","6,0550","6,0032","6,1315","5,9540","","1,17%"
"05.05.2019","5,9850","5,9724","6,2539","5,9601","","0,34%"
"28.04.2019","5,9648","5,9425","5,9953","5,9212","","0,45%"
"21.04.2019","5,9382","5,8112","5,9796","5,8040","","2,19%"
"14.04.2019","5,8112","5,7643","5,8480","5,6910","","0,73%"
"07.04.2019","5,7693","5,6261","5,8235","5,6111","","2,54%"
"31.03.2019","5,6262","5,5565","5,7040","5,4085","","1,27%"
"24.03.2019","5,5555","5,7771","5,7866","5,2830","","-3,60%"
"17.03.2019","5,7627","5,4466","5,8450","5,4062","","5,80%"
"10.03.2019","5,4467","5,4270","5,4802","5,4205","","0,30%"
"03.03.2019","5,4303","5,3778","5,4917","5,3602","","1,04%"
"24.02.2019","5,3742","5,3188","5,4054","5,2790","","1,05%"
"17.02.2019","5,3186","5,2757","5,3428","5,2702","","0,90%"
"10.02.2019","5,2714","5,2471","5,3236","5,2310","","0,46%"
"03.02.2019","5,2474","5,2010","5,2945","5,1740","","0,75%"
"27.01.2019","5,2084","5,2585","5,3629","5,1560","","-1,15%"
"20.01.2019","5,2688","5,3242","5,3664","5,2428","","-1,12%"
"13.01.2019","5,3283","5,4530","5,5434","5,3152","","-2,32%"
"06.01.2019","5,4550","5,3350","5,5476","5,3158","","2,32%"
"30.12.2018","5,3311","5,2725","5,8300","5,2530","","1,11%"
"23.12.2018","5,2725","5,3155","5,3379","5,2430","","-0,86%"
"16.12.2018","5,3181","5,3639","5,3973","5,1950","","-0,85%"
"09.12.2018","5,3635","5,2957","5,4219","5,2630","","1,14%"
"02.12.2018","5,3029","5,2128","5,4542","5,1370","","1,73%"
"25.11.2018","5,2128","5,2877","5,3009","5,1220","","-1,41%"
"18.11.2018","5,2875","5,3347","5,4387","5,2520","","-0,83%"
"11.11.2018","5,3318","5,4606","5,5299","5,3024","","-2,36%"
"04.11.2018","5,4606","5,4296","5,5421","5,2940","","0,57%"
"28.10.2018","5,4296","5,5929","5,6492","5,3980","","-2,92%"
"21.10.2018","5,5929","5,6486","5,8690","5,5626","","-0,88%"
"14.10.2018","5,6425","5,8664","5,9017","5,5083","","-3,91%"
"07.10.2018","5,8721","6,1343","6,1910","5,8068","","-4,26%"
"30.09.2018","6,1333","6,0580","6,2283","5,8780","","1,28%"
"23.09.2018","6,0560","6,2384","6,3323","5,9320","","-3,78%"
"16.09.2018","6,2937","6,1819","6,4659","6,1050","","2,00%"
"09.09.2018","6,1703","6,3860","6,5514","5,9820","","-3,54%"
"02.09.2018","6,3970","6,5429","6,7454","6,3615","","-2,16%"
"26.08.2018","6,5380","6,0248","6,8470","5,9819","","8,84%"
"19.08.2018","6,0068","6,0290","6,2010","5,9530","","-0,12%"
"12.08.2018","6,0140","6,4138","7,2169","5,6665","","-6,43%"
"05.08.2018","6,4275","5,0796","6,8020","5,0796","","26,49%"
"29.07.2018","5,0815","4,8446","5,1135","4,8394","","4,71%"
"22.07.2018","4,8529","4,7939","4,9383","4,7305","","1,26%"
"15.07.2018","4,7927","4,8435","4,8680","4,7610","","-1,29%"
"08.07.2018","4,8552","4,5694","4,9721","4,5060","","6,23%"
"01.07.2018","4,5704","4,5895","4,7254","4,5684","","-0,37%"
"24.06.2018","4,5872","4,6580","4,7229","4,5330","","-1,93%"
"17.06.2018","4,6773","4,7272","4,7753","4,6585","","-1,12%"
"10.06.2018","4,7301","4,4754","4,7602","4,4590","","5,72%"
"03.06.2018","4,4740","4,6495","4,6791","4,4510","","-3,80%"
"27.05.2018","4,6508","4,7090","4,7174","4,4410","","-1,22%"
"20.05.2018","4,7081","4,4912","4,9241","4,4874","","4,82%"
"13.05.2018","4,4917","4,3137","4,5060","4,2998","","4,13%"
"06.05.2018","4,3136","4,2260","4,3746","4,2197","","2,07%"
"29.04.2018","4,2260","4,0461","4,2921","4,0265","","4,55%"
"22.04.2018","4,0422","4,0763","4,1144","4,0295","","-0,84%"
"15.04.2018","4,0766","4,0960","4,1266","4,0035","","-0,50%"
"08.04.2018","4,0969","4,0410","4,1930","4,0315","","1,29%"
"01.04.2018","4,0449","3,9553","4,0680","3,9507","","2,27%"
"25.03.2018","3,9552","3,9803","4,0163","3,9325","","-0,68%"
"18.03.2018","3,9824","3,9105","4,0356","3,8960","","1,60%"
"11.03.2018","3,9196","3,8090","3,9266","3,8025","","2,85%"
"04.03.2018","3,8111","3,8074","3,8296","3,7827","","0,11%"
"25.02.2018","3,8071","3,7870","3,8252","3,7720","","0,44%"
"18.02.2018","3,7905","3,7478","3,8145","3,7431","","1,15%"
"11.02.2018","3,7474","3,8194","3,8275","3,7345","","-1,97%"
"04.02.2018","3,8226","3,7688","3,8456","3,7525","","1,30%"
"28.01.2018","3,7735","3,7558","3,8019","3,7279","","0,50%"
"21.01.2018","3,7547","3,8334","3,8509","3,7143","","-1,36%"
"14.01.2018","3,8065","3,7489","3,8349","3,7434","","1,56%"
"07.01.2018","3,7482","3,7329","3,8091","3,7308","","0,31%"
"31.12.2017","3,7367","3,7858","3,7985","3,7275","","-1,41%"
"24.12.2017","3,7900","3,8097","3,8283","3,7592","","-0,67%"
"17.12.2017","3,8157","3,8631","3,8709","3,8067","","-1,19%"
"10.12.2017","3,8617","3,8404","3,8990","3,8094","","0,60%"
"03.12.2017","3,8388","3,9173","3,9478","3,8238","","-1,90%"
"26.11.2017","3,9131","3,9497","3,9736","3,8873","","-0,78%"
"19.11.2017","3,9437","3,8771","3,9825","3,8536","","1,71%"
"12.11.2017","3,8773","3,8620","3,9124","3,8478","","0,35%"
"05.11.2017","3,8636","3,8842","3,9037","3,8223","","-0,59%"
"29.10.2017","3,8864","3,7910","3,8899","3,7610","","2,58%"
"22.10.2017","3,7885","3,6709","3,8432","3,6707","","3,19%"
"15.10.2017","3,6714","3,6300","3,6909","3,6275","","1,00%"
"08.10.2017","3,6349","3,6157","3,7704","3,6157","","0,55%"
"01.10.2017","3,6149","3,5639","3,6380","3,5575","","1,44%"
"24.09.2017","3,5637","3,4920","3,5970","3,4920","","1,93%"
"17.09.2017","3,4962","3,4389","3,5210","3,4280","","1,70%"
"10.09.2017","3,4376","3,4117","3,4780","3,3845","","0,76%"
"03.09.2017","3,4117","3,4263","3,4520","3,3944","","-0,49%"
"27.08.2017","3,4284","3,4381","3,4733","3,4132","","-0,31%"
"20.08.2017","3,4389","3,5121","3,5244","3,4331","","-2,26%"
"13.08.2017","3,5185","3,5395","3,5489","3,5080","","-0,52%"
"06.08.2017","3,5369","3,5283","3,5596","3,5202","","0,26%"
"30.07.2017","3,5279","3,5291","3,5488","3,5080","","0,00%"
"23.07.2017","3,5279","3,5360","3,5772","3,5160","","-0,24%"
"16.07.2017","3,5363","3,5380","3,5526","3,5091","","-0,05%"
"09.07.2017","3,5381","3,6161","3,6450","3,5249","","-2,21%"
"02.07.2017","3,6182","3,5206","3,6474","3,5110","","2,75%"
"25.06.2017","3,5212","3,5089","3,5390","3,4897","","0,35%"
"18.06.2017","3,5088","3,5027","3,5506","3,4837","","0,17%"
"11.06.2017","3,5027","3,5368","3,5407","3,4735","","-0,98%"
"04.06.2017","3,5373","3,5083","3,5587","3,4935","","0,78%"
"28.05.2017","3,5098","3,5783","3,5885","3,5017","","-1,90%"
"21.05.2017","3,5777","3,5762","3,5944","3,5450","","0,07%"
"14.05.2017","3,5753","3,5710","3,6423","3,5340","","0,06%"
"07.05.2017","3,5731","3,5364","3,6287","3,5270","","0,82%"
"30.04.2017","3,5441","3,5512","3,5782","3,5170","","-0,21%"
"23.04.2017","3,5516","3,6399","3,6399","3,5350","","-2,43%"
"16.04.2017","3,6401","3,6330","3,7172","3,6260","","-2,48%"
"09.04.2017","3,7327","3,7338","3,7386","3,6404","","0,08%"
"02.04.2017","3,7299","3,6352","3,7447","3,6215","","2,61%"
"26.03.2017","3,6352","3,6072","3,6631","3,5847","","0,68%"
"19.03.2017","3,6108","3,6344","3,6447","3,5870","","-0,65%"
"12.03.2017","3,6344","3,7310","3,7629","3,5980","","-2,56%"
"05.03.2017","3,7299","3,7031","3,7861","3,6690","","0,73%"
"26.02.2017","3,7030","3,6070","3,7470","3,5790","","2,66%"
"19.02.2017","3,6070","3,6309","3,6385","3,5567","","-0,61%"
"12.02.2017","3,6290","3,6943","3,7027","3,6255","","-1,79%"
"05.02.2017","3,6953","3,6983","3,7595","3,6615","","-0,06%"
"29.01.2017","3,6976","3,8670","3,8793","3,6869","","-4,64%"
"22.01.2017","3,8775","3,7651","3,9107","3,7354","","2,97%"
"15.01.2017","3,7655","3,7261","3,8435","3,7248","","1,14%"
"08.01.2017","3,7230","3,6456","3,9427","3,6390","","2,15%"
"01.01.2017","3,6445","3,5263","3,6498","3,5263","","3,31%"
"25.12.2016","3,5277","3,5180","3,5505","3,5010","","0,31%"
"18.12.2016","3,5169","3,5067","3,5420","3,4870","","0,29%"
"11.12.2016","3,5068","3,4816","3,5495","3,4510","","0,57%"
"04.12.2016","3,4869","3,5195","3,5621","3,3380","","-0,91%"
"27.11.2016","3,5190","3,4525","3,5860","3,4055","","2,10%"
"20.11.2016","3,4467","3,3735","3,4764","3,3501","","2,12%"
"13.11.2016","3,3753","3,2505","3,4088","3,2435","","3,79%"
"06.11.2016","3,2522","3,1568","3,2900","3,1420","","3,02%"
"30.10.2016","3,1569","3,1038","3,1755","3,0914","","1,61%"
"23.10.2016","3,1069","3,0834","3,1283","3,0680","","0,83%"
"16.10.2016","3,0814","3,0860","3,1145","3,0511","","-0,29%"
"09.10.2016","3,0905","3,0503","3,1145","3,0421","","1,29%"
"02.10.2016","3,0510","3,0020","3,0664","2,9979","","1,73%"
"25.09.2016","2,9992","2,9924","3,0128","2,9646","","1,08%"
"18.09.2016","2,9672","2,9824","2,9886","2,9368","","-0,46%"
"11.09.2016","2,9809","2,9693","2,9939","2,9610","","0,60%"
"04.09.2016","2,9630","2,9505","2,9797","2,9200","","0,41%"
"28.08.2016","2,9509","2,9569","2,9725","2,9411","","-0,10%"
"21.08.2016","2,9538","2,9301","2,9691","2,9220","","0,84%"
"14.08.2016","2,9293","2,9572","2,9617","2,9128","","-1,02%"
"07.08.2016","2,9594","3,0008","3,0045","2,9425","","-1,31%"
"31.07.2016","2,9987","2,9936","3,0280","2,9708","","0,35%"
"24.07.2016","2,9883","3,0655","3,0755","2,9845","","-2,50%"
"17.07.2016","3,0650","3,0214","3,0980","2,9250","","1,50%"
"10.07.2016","3,0198","2,8914","3,0486","2,8751","","4,44%"
"03.07.2016","2,8913","2,9046","2,9577","2,8822","","-0,37%"
"26.06.2016","2,9019","2,9275","2,9528","2,8684","","-0,93%"
"19.06.2016","2,9292","2,9313","3,0057","2,8403","","0,07%"
"12.06.2016","2,9271","2,9287","2,9597","2,9079","","-0,07%"
"05.06.2016","2,9291","2,9112","2,9398","2,8802","","0,91%"
"29.05.2016","2,9028","2,9565","2,9690","2,9009","","-1,85%"
"22.05.2016","2,9575","2,9780","3,0145","2,9245","","-0,63%"
"15.05.2016","2,9762","2,9670","3,0020","2,9570","","0,20%"
"08.05.2016","2,9702","2,9271","2,9765","2,9105","","1,47%"
"01.05.2016","2,9273","2,7949","2,9770","2,7875","","4,71%"
"24.04.2016","2,7955","2,8444","2,8535","2,7880","","-1,87%"
"17.04.2016","2,8489","2,8525","2,8661","2,8050","","-0,20%"
"10.04.2016","2,8545","2,8486","2,8725","2,8175","","0,19%"
"03.04.2016","2,8491","2,8230","2,8716","2,8030","","0,96%"
"27.03.2016","2,8221","2,8719","2,8800","2,8120","","-1,88%"
"20.03.2016","2,8763","2,8621","2,8910","2,8535","","0,30%"
"13.03.2016","2,8676","2,8685","2,9310","2,8380","","0,02%"
"06.03.2016","2,8670","2,9088","2,9325","2,8636","","-1,42%"
"28.02.2016","2,9082","2,9981","2,9981","2,9017","","-2,82%"
"21.02.2016","2,9925","2,9547","3,0015","2,9185","","1,39%"
"14.02.2016","2,9516","2,9299","2,9840","2,9244","","0,75%"
"07.02.2016","2,9295","2,9203","2,9649","2,9138","","0,21%"
"31.01.2016","2,9233","2,9578","2,9798","2,8880","","-1,08%"
"24.01.2016","2,9553","3,0005","3,0356","2,9510","","-1,61%"
"17.01.2016","3,0038","3,0496","3,0648","3,0003","","-1,46%"
"10.01.2016","3,0484","3,0216","3,0549","3,0039","","0,89%"
"03.01.2016","3,0214","2,9185","3,0290","2,9137","","3,69%"
"27.12.2015","2,9139","2,9188","2,9320","2,9010","","-0,31%"
"20.12.2015","2,9230","2,9094","2,9525","2,9035","","0,49%"
"13.12.2015","2,9088","2,9759","2,9997","2,9037","","-2,44%"
"06.12.2015","2,9817","2,8955","2,9898","2,8777","","2,99%"
"29.11.2015","2,8950","2,9226","2,9380","2,8695","","-1,01%"
"22.11.2015","2,9245","2,8292","2,9353","2,8258","","3,28%"
"15.11.2015","2,8317","2,8666","2,8920","2,8147","","-1,12%"
"08.11.2015","2,8637","2,9135","2,9290","2,8550","","-1,77%"
"01.11.2015","2,9153","2,9172","2,9328","2,7568","","0,01%"
"25.10.2015","2,9151","2,9063","2,9435","2,8800","","0,25%"
"18.10.2015","2,9078","2,8953","2,9170","2,8575","","0,56%"
"11.10.2015","2,8917","2,9167","2,9640","2,8750","","-0,69%"
"04.10.2015","2,9118","2,9954","3,0039","2,8878","","-2,63%"
"27.09.2015","2,9906","3,0471","3,0705","2,9850","","-1,84%"
"20.09.2015","3,0467","3,0079","3,0754","2,9800","","1,39%"
"13.09.2015","3,0050","3,0354","3,0720","2,9741","","-1,36%"
"06.09.2015","3,0465","2,9987","3,0615","2,9850","","1,30%"
"30.08.2015","3,0074","2,9239","3,0141","2,9050","","2,86%"
"23.08.2015","2,9238","2,9200","2,9865","2,8950","","0,17%"
"16.08.2015","2,9187","2,8365","2,9999","2,8242","","2,99%"
"09.08.2015","2,8340","2,7822","2,8475","2,7590","","1,94%"
"02.08.2015","2,7802","2,7672","2,7940","2,7629","","0,33%"
"26.07.2015","2,7710","2,7409","2,7981","2,7330","","1,22%"
"19.07.2015","2,7377","2,6528","2,7539","2,6528","","3,21%"
"12.07.2015","2,6526","2,6718","2,6751","2,6250","","-0,53%"
"05.07.2015","2,6667","2,6917","2,7163","2,6550","","-0,81%"
"28.06.2015","2,6885","2,6650","2,7079","2,6650","","0,89%"
"21.06.2015","2,6649","2,6953","2,6976","2,6505","","-1,12%"
"14.06.2015","2,6951","2,7130","2,7531","2,6921","","-0,65%"
"07.06.2015","2,7128","2,7690","2,8097","2,6983","","1,90%"
"31.05.2015","2,6621","2,6608","2,7080","2,6530","","-0,03%"
"24.05.2015","2,6630","2,5996","2,6687","2,5923","","2,46%"
"17.05.2015","2,5991","2,5760","2,6130","2,5580","","0,90%"
"10.05.2015","2,5759","2,6890","2,7050","2,5738","","-4,43%"
"03.05.2015","2,6953","2,7143","2,7261","2,6741","","-0,47%"
"26.04.2015","2,7079","2,7252","2,7390","2,6430","","-0,24%"
"19.04.2015","2,7144","2,6880","2,7438","2,6703","","1,35%"
"12.04.2015","2,6782","2,6198","2,7316","2,6198","","1,88%"
"05.04.2015","2,6287","2,5697","2,6425","2,5545","","2,21%"
"29.03.2015","2,5719","2,6110","2,6237","2,5547","","-1,47%"
"22.03.2015","2,6102","2,5734","2,6247","2,5400","","1,45%"
"15.03.2015","2,5730","2,6307","2,6433","2,5607","","-2,53%"
"08.03.2015","2,6397","2,6279","2,6496","2,5826","","0,59%"
"01.03.2015","2,6243","2,5119","2,6474","2,5023","","4,60%"
"22.02.2015","2,5088","2,4682","2,5278","2,4487","","2,29%"
"15.02.2015","2,4526","2,4578","2,4692","2,4312","","-0,22%"
"08.02.2015","2,4581","2,4789","2,5144","2,4552","","-0,64%"
"01.02.2015","2,4740","2,4454","2,4829","2,3928","","1,13%"
"25.01.2015","2,4464","2,3640","2,4502","2,3372","","4,18%"
"18.01.2015","2,3483","2,3338","2,3647","2,3164","","1,09%"
"11.01.2015","2,3229","2,2913","2,3420","2,2710","","1,22%"
"04.01.2015","2,2950","2,3517","2,3522","2,2825","","-2,10%"
"28.12.2014","2,3442","2,3166","2,3586","2,3122","","1,15%"
"21.12.2014","2,3175","2,3091","2,3262","2,3082","","0,23%"
"14.12.2014","2,3121","2,2972","2,4127","2,2912","","0,57%"
"07.12.2014","2,2990","2,2645","2,3117","2,2537","","1,68%"
"30.11.2014","2,2610","2,2228","2,2662","2,2127","","1,87%"
"23.11.2014","2,2196","2,2210","2,2392","2,2042","","-0,10%"
"16.11.2014","2,2218","2,2283","2,2425","2,2138","","-0,35%"
"09.11.2014","2,2296","2,2566","2,2727","2,2290","","-1,26%"
"02.11.2014","2,2580","2,2179","2,2820","2,2170","","1,53%"
"26.10.2014","2,2240","2,2300","2,2455","2,1900","","-0,33%"
"19.10.2014","2,2313","2,2451","2,2532","2,2282","","-0,65%"
"12.10.2014","2,2460","2,2870","2,2882","2,2427","","-1,85%"
"05.10.2014","2,2884","2,2916","2,2962","2,2497","","-0,25%"
"28.09.2014","2,2942","2,2620","2,3071","2,2602","","1,41%"
"21.09.2014","2,2623","2,2328","2,2687","2,2262","","1,24%"
"14.09.2014","2,2347","2,2203","2,2407","2,1977","","0,53%"
"07.09.2014","2,2230","2,1590","2,2234","2,1562","","2,96%"
"31.08.2014","2,1590","2,1610","2,1802","2,1442","","-0,23%"
"24.08.2014","2,1639","2,1786","2,1827","2,1477","","-0,53%"
"17.08.2014","2,1755","2,1623","2,1888","2,1562","","0,39%"
"10.08.2014","2,1671","2,1444","2,1782","2,1332","","1,03%"
"03.08.2014","2,1450","2,1311","2,1885","2,1212","","0,54%"
"27.07.2014","2,1334","2,0912","2,1523","2,0908","","1,89%"
"20.07.2014","2,0939","2,1230","2,1278","2,0857","","-1,45%"
"13.07.2014","2,1247","2,1176","2,1433","2,1107","","0,34%"
"06.07.2014","2,1175","2,1301","2,1382","2,1132","","-0,72%"
"29.06.2014","2,1329","2,1241","2,1442","2,1142","","0,48%"
"22.06.2014","2,1228","2,1393","2,1482","2,1202","","-0,83%"
"15.06.2014","2,1405","2,1259","2,1562","2,1192","","0,81%"
"08.06.2014","2,1233","2,0766","2,1312","2,0732","","2,18%"
"01.06.2014","2,0781","2,0966","2,1287","2,0737","","-0,91%"
"25.05.2014","2,0971","2,0813","2,1132","2,0799","","0,73%"
"18.05.2014","2,0818","2,0968","2,1200","2,0752","","-0,86%"
"11.05.2014","2,0998","2,0756","2,1065","2,0577","","1,08%"
"04.05.2014","2,0773","2,1070","2,1070","2,0642","","-1,26%"
"27.04.2014","2,1038","2,1349","2,1427","2,0947","","-1,42%"
"20.04.2014","2,1340","2,1262","2,1542","2,1229","","0,21%"
"13.04.2014","2,1296","2,1220","2,1503","2,1162","","0,79%"
"06.04.2014","2,1129","2,1150","2,1307","2,0852","","-0,03%"
"30.03.2014","2,1135","2,1910","2,1910","2,1061","","-3,53%"
"23.03.2014","2,1909","2,2374","2,2471","2,1751","","-1,91%"
"16.03.2014","2,2335","2,2177","2,2468","2,2121","","0,93%"
"09.03.2014","2,2130","2,2057","2,2609","2,2027","","0,34%"
"02.03.2014","2,2055","2,2014","2,2350","2,1746","","-0,17%"
"23.02.2014","2,2093","2,1795","2,2537","2,1677","","1,40%"
"16.02.2014","2,1787","2,1820","2,2235","2,1730","","-0,11%"
"09.02.2014","2,1810","2,2241","2,2386","2,1757","","-1,75%"
"02.02.2014","2,2199","2,2570","2,2884","2,1889","","-1,80%"
"26.01.2014","2,2607","2,3316","2,3912","2,1631","","-3,04%"
"19.01.2014","2,3315","2,2332","2,3392","2,2312","","4,47%"
"12.01.2014","2,2317","2,1656","2,2355","2,1633","","3,08%"
"05.01.2014","2,1650","2,1757","2,1955","2,1555","","-0,62%"
"29.12.2013","2,1785","2,1511","2,1905","2,1117","","1,26%"
"22.12.2013","2,1513","2,0919","2,1796","2,0606","","2,84%"
"15.12.2013","2,0918","2,0438","2,1012","2,0252","","2,52%"
"08.12.2013","2,0404","2,0253","2,0497","2,0221","","0,75%"
"01.12.2013","2,0252","2,0212","2,0575","2,0162","","0,27%"
"24.11.2013","2,0198","2,0058","2,0302","1,9922","","0,70%"
"17.11.2013","2,0057","2,0293","2,0335","1,9990","","-1,16%"
"10.11.2013","2,0293","2,0375","2,0610","2,0265","","-0,48%"
"03.11.2013","2,0390","2,0138","2,0530","2,0110","","1,09%"
"27.10.2013","2,0170","1,9835","2,0247","1,9767","","1,69%"
"20.10.2013","1,9835","1,9694","1,9917","1,9647","","0,76%"
"13.10.2013","1,9686","1,9847","1,9936","1,9616","","-0,69%"
"06.10.2013","1,9823","1,9879","2,0042","1,9717","","-0,24%"
"29.09.2013","1,9871","2,0418","2,0477","1,9857","","-2,16%"
"22.09.2013","2,0309","1,9778","2,0442","1,9712","","2,58%"
"15.09.2013","1,9799","2,0285","2,0300","1,9336","","-2,37%"
"08.09.2013","2,0280","2,0460","2,0551","2,0020","","-0,90%"
"01.09.2013","2,0465","2,0371","2,0875","2,0110","","0,30%"
"25.08.2013","2,0403","1,9878","2,0750","1,9850","","2,64%"
"18.08.2013","1,9878","1,9457","2,0027","1,9357","","2,22%"
"11.08.2013","1,9446","1,9217","1,9482","1,9122","","1,26%"
"04.08.2013","1,9204","1,9224","1,9360","1,9129","","-0,26%"
"28.07.2013","1,9255","1,9261","1,9532","1,9186","","-0,03%"
"21.07.2013","1,9260","1,9196","1,9347","1,8990","","0,41%"
"14.07.2013","1,9181","1,9558","1,9562","1,9064","","-1,76%"
"07.07.2013","1,9525","1,9684","1,9760","1,9206","","-0,80%"
"30.06.2013","1,9683","1,9313","1,9730","1,9170","","2,05%"
"23.06.2013","1,9288","1,9376","1,9630","1,9130","","-0,52%"
"16.06.2013","1,9388","1,8586","1,9515","1,8577","","4,29%"
"09.06.2013","1,8590","1,8760","1,9110","1,8490","","-0,75%"
"02.06.2013","1,8730","1,8803","1,9100","1,8690","","-0,14%"
"26.05.2013","1,8756","1,8489","1,8978","1,8383","","1,57%"
"19.05.2013","1,8466","1,8422","1,8605","1,8315","","0,24%"
"12.05.2013","1,8421","1,8005","1,8482","1,7996","","2,27%"
"05.05.2013","1,8013","1,7966","1,8090","1,7870","","0,39%"
"28.04.2013","1,7943","1,7968","1,8017","1,7847","","-0,18%"
"21.04.2013","1,7975","1,8031","1,8130","1,7947","","-0,13%"
"14.04.2013","1,7998","1,7901","1,8030","1,7850","","0,65%"
"07.04.2013","1,7881","1,7944","1,7969","1,7789","","-0,31%"
"31.03.2013","1,7936","1,8111","1,8170","1,7926","","-0,85%"
"24.03.2013","1,8090","1,8115","1,8260","1,8064","","-0,31%"
"17.03.2013","1,8146","1,8083","1,8277","1,8056","","0,46%"
"10.03.2013","1,8063","1,8053","1,8177","1,7955","","0,10%"
"03.03.2013","1,8045","1,7990","1,8087","1,7876","","0,40%"
"24.02.2013","1,7974","1,8002","1,8152","1,7901","","-0,25%"
"17.02.2013","1,8019","1,7665","1,8050","1,7619","","2,00%"
"10.02.2013","1,7665","1,7700","1,7780","1,7600","","-0,28%"
"03.02.2013","1,7715","1,7488","1,7770","1,7440","","1,38%"
"27.01.2013","1,7473","1,7666","1,7770","1,7460","","-1,14%"
"20.01.2013","1,7675","1,7633","1,7765","1,7570","","0,41%"
"13.01.2013","1,7603","1,7708","1,7760","1,7518","","-0,52%"
"06.01.2013","1,7695","1,7816","1,7871","1,7650","","-0,69%"
"30.12.2012","1,7818","1,7919","1,7928","1,7750","","-0,42%"
"23.12.2012","1,7894","1,7979","1,8030","1,7840","","-0,45%"
"16.12.2012","1,7975","1,7778","1,7986","1,7755","","1,04%"
"09.12.2012","1,7790","1,7892","1,7930","1,7725","","-0,53%"
"02.12.2012","1,7884","1,7867","1,7950","1,7810","","0,06%"
"25.11.2012","1,7873","1,7941","1,7990","1,7830","","-0,38%"
"18.11.2012","1,7942","1,7995","1,8047","1,7897","","-0,35%"
"11.11.2012","1,8005","1,7891","1,8095","1,7850","","0,52%"
"04.11.2012","1,7912","1,7956","1,7980","1,7680","","-0,08%"
"28.10.2012","1,7927","1,7996","1,8061","1,7841","","-0,44%"
"21.10.2012","1,8006","1,7932","1,8098","1,7901","","0,31%"
"14.10.2012","1,7951","1,8116","1,8150","1,7915","","-0,65%"
"07.10.2012","1,8069","1,8050","1,8279","1,8010","","0,10%"
"30.09.2012","1,8051","1,7982","1,8126","1,7888","","0,48%"
"23.09.2012","1,7964","1,7952","1,8060","1,7840","","0,11%"
"16.09.2012","1,7945","1,7981","1,8070","1,7870","","-0,12%"
"09.09.2012","1,7967","1,8000","1,8160","1,7885","","-0,01%"
"02.09.2012","1,7968","1,8171","1,8300","1,7950","","-1,20%"
"26.08.2012","1,8186","1,8022","1,8330","1,7960","","1,12%"
"19.08.2012","1,7985","1,8012","1,8055","1,7890","","-0,12%"
"12.08.2012","1,8006","1,7840","1,8090","1,7810","","1,04%"
"05.08.2012","1,7820","1,7785","1,7928","1,7695","","0,15%"
"29.07.2012","1,7793","1,8099","1,8170","1,7740","","-1,80%"
"22.07.2012","1,8120","1,8043","1,8335","1,8043","","0,20%"
"15.07.2012","1,8083","1,8114","1,8180","1,7960","","-0,17%"
"08.07.2012","1,8114","1,8212","1,8310","1,8030","","-0,42%"
"01.07.2012","1,8190","1,8065","1,8288","1,7920","","0,51%"
"24.06.2012","1,8097","1,8157","1,8371","1,8021","","-0,29%"
"17.06.2012","1,8150","1,8056","1,8220","1,7850","","0,19%"
"10.06.2012","1,8115","1,8112","1,8370","1,8070","","-0,67%"
"03.06.2012","1,8238","1,8586","1,8633","1,8150","","-1,79%"
"27.05.2012","1,8570","1,8470","1,8793","1,8255","","0,44%"
"20.05.2012","1,8489","1,8368","1,8600","1,8190","","0,67%"
"13.05.2012","1,8366","1,7875","1,8431","1,7849","","2,89%"
"06.05.2012","1,7850","1,7665","1,8012","1,7580","","1,51%"
"29.04.2012","1,7585","1,7616","1,7680","1,7510","","-0,13%"
"22.04.2012","1,7608","1,7924","1,7996","1,7560","","-1,75%"
"15.04.2012","1,7921","1,7980","1,8070","1,7840","","-0,24%"
"08.04.2012","1,7965","1,7938","1,8192","1,7855","","0,18%"
"01.04.2012","1,7932","1,7796","1,8007","1,7707","","0,60%"
"25.03.2012","1,7825","1,8016","1,8030","1,7660","","-0,97%"
"18.03.2012","1,8000","1,7963","1,8270","1,7905","","0,28%"
"11.03.2012","1,7949","1,7872","1,8155","1,7840","","0,44%"
"04.03.2012","1,7870","1,7681","1,7970","1,7620","","1,09%"
"26.02.2012","1,7677","1,7652","1,7770","1,7360","","0,08%"
"19.02.2012","1,7662","1,7483","1,7721","1,7329","","0,79%"
"12.02.2012","1,7523","1,7625","1,7840","1,7495","","-0,61%"
"05.02.2012","1,7630","1,7571","1,7737","1,7365","","0,57%"
"29.01.2012","1,7530","1,7782","1,7953","1,7412","","-1,34%"
"22.01.2012","1,7768","1,8313","1,8403","1,7733","","-2,91%"
"15.01.2012","1,8300","1,8629","1,8668","1,8200","","-1,66%"
"08.01.2012","1,8609","1,8814","1,8822","1,8352","","-0,89%"
"01.01.2012","1,8776","1,8827","1,9010","1,8585","","-0,39%"
"25.12.2011","1,8850","1,8960","1,9240","1,8510","","-0,76%"
"18.12.2011","1,8995","1,8891","1,9073","1,8735","","0,70%"
"11.12.2011","1,8863","1,8447","1,8894","1,8352","","2,35%"
"04.12.2011","1,8430","1,8283","1,8598","1,8190","","0,67%"
"27.11.2011","1,8308","1,8794","1,8826","1,8100","","-2,92%"
"20.11.2011","1,8858","1,8337","1,8916","1,8211","","2,99%"
"13.11.2011","1,8311","1,7729","1,8317","1,7645","","3,15%"
"06.11.2011","1,7751","1,7643","1,8066","1,7621","","0,39%"
"30.10.2011","1,7682","1,7442","1,8072","1,7392","","1,31%"
"23.10.2011","1,7453","1,8405","1,8407","1,7401","","-4,83%"
"16.10.2011","1,8339","1,8301","1,8777","1,8277","","0,18%"
"09.10.2011","1,8306","1,8504","1,8521","1,8139","","-1,03%"
"02.10.2011","1,8497","1,8583","1,9111","1,8323","","-0,55%"
"25.09.2011","1,8599","1,8338","1,8700","1,8338","","1,31%"
"18.09.2011","1,8358","1,7815","1,8517","1,7667","","3,30%"
"11.09.2011","1,7772","1,7908","1,8052","1,7616","","-0,79%"
"04.09.2011","1,7913","1,7518","1,8022","1,7474","","2,23%"
"28.08.2011","1,7522","1,7508","1,7612","1,7113","","0,09%"
"21.08.2011","1,7506","1,7868","1,7969","1,7439","","-2,07%"
"14.08.2011","1,7876","1,7787","1,7977","1,7587","","0,52%"
"07.08.2011","1,7783","1,7468","1,8124","1,7336","","1,90%"
"31.07.2011","1,7452","1,6906","1,7504","1,6659","","3,35%"
"24.07.2011","1,6887","1,7013","1,7352","1,6672","","-0,50%"
"17.07.2011","1,6972","1,6523","1,7008","1,6508","","2,78%"
"10.07.2011","1,6513","1,6245","1,6601","1,6245","","1,46%"
"03.07.2011","1,6276","1,6060","1,6404","1,6032","","1,26%"
"26.06.2011","1,6074","1,6338","1,6530","1,6053","","-1,78%"
"19.06.2011","1,6366","1,5961","1,6391","1,5945","","2,50%"
"12.06.2011","1,5967","1,5745","1,6277","1,5647","","1,35%"
"05.06.2011","1,5755","1,5722","1,5922","1,5673","","0,13%"
"29.05.2011","1,5734","1,6055","1,6107","1,5703","","-1,85%"
"22.05.2011","1,6030","1,5894","1,6135","1,5805","","1,06%"
"15.05.2011","1,5862","1,5966","1,6000","1,5703","","-0,69%"
"08.05.2011","1,5973","1,5447","1,5983","1,5356","","3,34%"
"01.05.2011","1,5456","1,5203","1,5517","1,5140","","1,61%"
"24.04.2011","1,5211","1,5193","1,5345","1,5045","","0,24%"
"17.04.2011","1,5175","1,5094","1,5449","1,4975","","0,32%"
"10.04.2011","1,5126","1,5084","1,5295","1,5005","","0,13%"
"03.04.2011","1,5106","1,5245","1,5385","1,4980","","-1,27%"
"27.03.2011","1,5300","1,5575","1,5679","1,5293","","-1,64%"
"20.03.2011","1,5555","1,5783","1,5809","1,5425","","-1,48%"
"13.03.2011","1,5788","1,5828","1,5970","1,5615","","-0,28%"
"06.03.2011","1,5832","1,6014","1,6071","1,5710","","-1,02%"
"27.02.2011","1,5995","1,5909","1,6211","1,5885","","0,13%"
"20.02.2011","1,5975","1,5751","1,6161","1,5723","","1,27%"
"13.02.2011","1,5775","1,5850","1,6035","1,5695","","-0,66%"
"06.02.2011","1,5880","1,5859","1,6070","1,5650","","0,25%"
"30.01.2011","1,5841","1,6106","1,6198","1,5699","","-1,87%"
"23.01.2011","1,6143","1,5684","1,6176","1,5510","","2,60%"
"16.01.2011","1,5734","1,5475","1,5878","1,5260","","1,30%"
"09.01.2011","1,5532","1,5732","1,5944","1,5379","","-1,23%"
"02.01.2011","1,5726","1,5382","1,5780","1,5342","","1,99%"
"26.12.2010","1,5419","1,5478","1,5715","1,5352","","-0,33%"
"19.12.2010","1,5470","1,5469","1,5685","1,5401","","0,16%"
"12.12.2010","1,5445","1,5066","1,5536","1,4925","","2,80%"
"05.12.2010","1,5024","1,4722","1,5128","1,4649","","1,77%"
"28.11.2010","1,4762","1,4840","1,5131","1,4709","","-0,75%"
"21.11.2010","1,4874","1,4400","1,4998","1,4347","","2,97%"
"14.11.2010","1,4445","1,4387","1,4671","1,4335","","0,22%"
"07.11.2010","1,4414","1,3920","1,4482","1,3920","","3,18%"
"31.10.2010","1,3970","1,4298","1,4331","1,3835","","-2,51%"
"24.10.2010","1,4330","1,4167","1,4485","1,4080","","0,60%"
"17.10.2010","1,4245","1,4084","1,4388","1,4080","","0,74%"
"10.10.2010","1,4141","1,4089","1,4276","1,3845","","0,06%"
"03.10.2010","1,4133","1,4394","1,4577","1,4046","","-2,15%"
"26.09.2010","1,4443","1,4777","1,4802","1,4357","","-2,16%"
"19.09.2010","1,4762","1,4929","1,4993","1,4758","","-1,19%"
"12.09.2010","1,4940","1,4953","1,5043","1,4831","","-1,03%"
"05.09.2010","1,5095","1,4998","1,5246","1,4926","","0,62%"
"29.08.2010","1,5002","1,5156","1,5312","1,4960","","-1,09%"
"22.08.2010","1,5168","1,5160","1,5362","1,5075","","0,04%"
"15.08.2010","1,5162","1,5139","1,5207","1,4847","","-0,10%"
"08.08.2010","1,5177","1,4872","1,5281","1,4805","","1,85%"
"01.08.2010","1,4902","1,5018","1,5086","1,4821","","-1,17%"
"25.07.2010","1,5078","1,5190","1,5238","1,5008","","-0,97%"
"18.07.2010","1,5226","1,5407","1,5538","1,5162","","-1,14%"
"11.07.2010","1,5401","1,5552","1,5681","1,5307","","-0,84%"
"04.07.2010","1,5531","1,5684","1,5734","1,5447","","-0,80%"
"27.06.2010","1,5657","1,5767","1,5964","1,5642","","-0,50%"
"20.06.2010","1,5736","1,5484","1,5890","1,5410","","1,18%"
"13.06.2010","1,5552","1,5777","1,5891","1,5527","","-1,52%"
"06.06.2010","1,5792","1,6104","1,6227","1,5762","","-1,78%"
"30.05.2010","1,6079","1,5692","1,6115","1,5616","","2,62%"
"23.05.2010","1,5669","1,5751","1,6067","1,5517","","-0,53%"
"16.05.2010","1,5753","1,5458","1,6124","1,5332","","2,09%"
"09.05.2010","1,5430","1,5552","1,5568","1,5097","","-1,13%"
"02.05.2010","1,5607","1,4885","1,6019","1,4842","","4,77%"
"25.04.2010","1,4897","1,4847","1,5185","1,4665","","0,45%"
"18.04.2010","1,4831","1,4854","1,5057","1,4782","","0,00%"
"11.04.2010","1,4831","1,4809","1,4952","1,4659","","-0,39%"
"04.04.2010","1,4889","1,5099","1,5183","1,4823","","-1,70%"
"28.03.2010","1,5146","1,5308","1,5403","1,5108","","-1,57%"
"21.03.2010","1,5387","1,5321","1,5543","1,5264","","0,15%"
"14.03.2010","1,5364","1,5255","1,5385","1,5078","","0,50%"
"07.03.2010","1,5288","1,5334","1,5442","1,5207","","-0,61%"
"28.02.2010","1,5382","1,5513","1,5587","1,5322","","-0,55%"
"21.02.2010","1,5467","1,5117","1,5693","1,5092","","2,24%"
"14.02.2010","1,5128","1,5136","1,5354","1,5002","","-0,37%"
"07.02.2010","1,5184","1,5297","1,5327","1,5052","","-0,69%"
"31.01.2010","1,5289","1,4936","1,5383","1,4711","","2,13%"
"24.01.2010","1,4970","1,4864","1,5043","1,4767","","0,50%"
"17.01.2010","1,4895","1,4582","1,5031","1,4465","","2,21%"
"10.01.2010","1,4573","1,4560","1,4675","1,4420","","-0,16%"
"03.01.2010","1,4596","1,4929","1,4987","1,4556","","-2,60%"
"27.12.2009","1,4986","1,5189","1,5189","1,4865","","-0,90%"
"20.12.2009","1,5122","1,5218","1,5332","1,5063","","-0,61%"
"13.12.2009","1,5215","1,5062","1,5286","1,4952","","0,84%"
"06.12.2009","1,5089","1,4909","1,5186","1,4864","","1,25%"
"29.11.2009","1,4902","1,5196","1,5354","1,4724","","-2,20%"
"22.11.2009","1,5237","1,4998","1,5602","1,4837","","1,72%"
"15.11.2009","1,4980","1,4742","1,5027","1,4700","","1,34%"
"08.11.2009","1,4782","1,4800","1,4867","1,4658","","-0,46%"
"01.11.2009","1,4850","1,5003","1,5159","1,4765","","-1,42%"
"25.10.2009","1,5064","1,4650","1,5106","1,4636","","2,34%"
"18.10.2009","1,4720","1,4565","1,4759","1,4470","","0,74%"
"11.10.2009","1,4612","1,4644","1,4743","1,4382","","-0,31%"
"04.10.2009","1,4657","1,4954","1,5007","1,4552","","-1,84%"
"27.09.2009","1,4932","1,4842","1,5122","1,4802","","0,44%"
"20.09.2009","1,4867","1,4846","1,5012","1,4760","","0,36%"
"13.09.2009","1,4814","1,4930","1,5078","1,4603","","-0,74%"
"06.09.2009","1,4925","1,4894","1,5098","1,4785","","0,07%"
"30.08.2009","1,4915","1,4950","1,5223","1,4893","","-0,50%"
"23.08.2009","1,4990","1,4840","1,5121","1,4766","","0,94%"
"16.08.2009","1,4851","1,4889","1,5129","1,4756","","-0,38%"
"09.08.2009","1,4908","1,4659","1,5202","1,4617","","1,84%"
"02.08.2009","1,4639","1,4720","1,4852","1,4495","","-0,49%"
"26.07.2009","1,4711","1,4827","1,5034","1,4642","","-0,50%"
"19.07.2009","1,4785","1,5245","1,5260","1,4755","","-3,07%"
"12.07.2009","1,5253","1,5500","1,5620","1,5175","","-1,65%"
"05.07.2009","1,5509","1,5335","1,5688","1,5326","","0,95%"
"28.06.2009","1,5363","1,5377","1,5522","1,5192","","0,15%"
"21.06.2009","1,5340","1,5583","1,5886","1,5305","","-1,12%"
"14.06.2009","1,5514","1,5353","1,5705","1,5265","","1,25%"
"07.06.2009","1,5323","1,5393","1,5674","1,5255","","-0,35%"
"31.05.2009","1,5377","1,5320","1,5503","1,5160","","0,14%"
"24.05.2009","1,5356","1,5444","1,5779","1,5288","","-0,70%"
"17.05.2009","1,5465","1,5695","1,5770","1,5185","","-1,45%"
"10.05.2009","1,5692","1,5400","1,5846","1,5354","","1,96%"
"03.05.2009","1,5390","1,5966","1,5966","1,5336","","-3,31%"
"26.04.2009","1,5917","1,6055","1,6423","1,5705","","-0,98%"
"19.04.2009","1,6075","1,6181","1,6740","1,6000","","-0,17%"
"12.04.2009","1,6103","1,5741","1,6178","1,5640","","2,68%"
"05.04.2009","1,5683","1,5767","1,6226","1,5560","","-0,72%"
"29.03.2009","1,5797","1,6757","1,7137","1,5740","","-5,46%"
"22.03.2009","1,6710","1,6883","1,6886","1,6400","","-1,16%"
"15.03.2009","1,6906","1,7108","1,7264","1,6699","","-0,99%"
"08.03.2009","1,7075","1,7919","1,8285","1,6865","","-4,62%"
"01.03.2009","1,7903","1,7023","1,7955","1,6975","","5,31%"
"22.02.2009","1,7001","1,6855","1,7125","1,6715","","-0,14%"
"15.02.2009","1,7025","1,6485","1,7183","1,6455","","3,34%"
"08.02.2009","1,6475","1,6177","1,6647","1,6030","","1,89%"
"01.02.2009","1,6170","1,6445","1,6673","1,6127","","-1,60%"
"25.01.2009","1,6433","1,6671","1,6730","1,6025","","-1,60%"
"18.01.2009","1,6700","1,6207","1,6841","1,6127","","2,45%"
"11.01.2009","1,6300","1,5648","1,6421","1,5596","","4,45%"
"04.01.2009","1,5605","1,5355","1,5660","1,5005","","1,63%"
"28.12.2008","1,5355","1,5145","1,5435","1,4975","","1,69%"
"21.12.2008","1,5100","1,5167","1,5333","1,4935","","-1,15%"
"14.12.2008","1,5275","1,5645","1,5765","1,4910","","-1,91%"
"07.12.2008","1,5573","1,5740","1,5871","1,5201","","-2,57%"
"30.11.2008","1,5984","1,5718","1,6253","1,5458","","2,12%"
"23.11.2008","1,5652","1,6770","1,6770","1,5563","","-6,56%"
"16.11.2008","1,6750","1,6255","1,7484","1,5945","","3,72%"
"09.11.2008","1,6150","1,5466","1,6842","1,5147","","4,35%"
"02.11.2008","1,5477","1,5131","1,5705","1,4789","","0,36%"
"26.10.2008","1,5422","1,6956","1,7223","1,4631","","-9,01%"
"19.10.2008","1,6950","1,4910","1,7420","1,4795","","12,81%"
"12.10.2008","1,5025","1,4006","1,5439","1,3656","","4,86%"
"05.10.2008","1,4329","1,3098","1,4477","1,3075","","9,60%"
"28.09.2008","1,3074","1,2364","1,3197","1,2347","","5,85%"
"21.09.2008","1,2352","1,2520","1,2520","1,2285","","-1,34%"
"14.09.2008","1,2520","1,2485","1,2960","1,2445","","1,21%"
"07.09.2008","1,2370","1,2490","1,2710","1,2134","","-0,08%"
"31.08.2008","1,2380","1,1833","1,2492","1,1783","","4,52%"
"24.08.2008","1,1845","1,1926","1,1981","1,1738","","-0,16%"
"17.08.2008","1,1864","1,1867","1,1996","1,1783","","-0,13%"
"10.08.2008","1,1879","1,1918","1,1929","1,1708","","-0,01%"
"03.08.2008","1,1880","1,1539","1,1974","1,1437","","2,71%"
"27.07.2008","1,1567","1,2111","1,2111","1,1501","","-4,27%"
"20.07.2008","1,2083","1,1878","1,2123","1,1838","","1,57%"
"13.07.2008","1,1896","1,2229","1,2248","1,1848","","-2,68%"
"06.07.2008","1,2223","1,2346","1,2385","1,2129","","-0,92%"
"29.06.2008","1,2336","1,2285","1,2590","1,2197","","0,43%"
"22.06.2008","1,2283","1,2258","1,2365","1,2060","","0,26%"
"15.06.2008","1,2251","1,2540","1,2545","1,2125","","-2,27%"
"08.06.2008","1,2536","1,2493","1,2675","1,2305","","0,61%"
"01.06.2008","1,2460","1,2195","1,2499","1,2135","","2,22%"
"25.05.2008","1,2189","1,2456","1,2540","1,2027","","-2,33%"
"18.05.2008","1,2480","1,2323","1,2547","1,2257","","1,46%"
"11.05.2008","1,2300","1,2690","1,2702","1,2220","","-2,84%"
"04.05.2008","1,2660","1,2639","1,2754","1,2425","","0,21%"
"27.04.2008","1,2633","1,2825","1,2957","1,2500","","-1,56%"
"20.04.2008","1,2833","1,3137","1,3195","1,2805","","-2,63%"
"13.04.2008","1,3180","1,3068","1,3360","1,3025","","0,88%"
"06.04.2008","1,3065","1,2893","1,3181","1,2685","","1,08%"
"30.03.2008","1,2926","1,2955","1,3467","1,2700","","-0,45%"
"23.03.2008","1,2985","1,2475","1,3066","1,2265","","3,73%"
"16.03.2008","1,2518","1,2450","1,2780","1,2183","","0,95%"
"09.03.2008","1,2400","1,2498","1,2710","1,2125","","-0,90%"
"02.03.2008","1,2513","1,2216","1,2648","1,2000","","2,52%"
"24.02.2008","1,2205","1,2015","1,2225","1,1735","","1,49%"
"17.02.2008","1,2026","1,2018","1,2237","1,1852","","0,34%"
"10.02.2008","1,1985","1,2215","1,2405","1,1855","","-1,83%"
"03.02.2008","1,2208","1,1725","1,2257","1,1612","","4,30%"
"27.01.2008","1,1705","1,1859","1,1985","1,1595","","-1,67%"
"20.01.2008","1,1904","1,1907","1,2517","1,1747","","0,19%"
"13.01.2008","1,1881","1,1476","1,1920","1,1430","","3,08%"
"06.01.2008","1,1526","1,1657","1,1743","1,1431","","-1,76%"
"30.12.2007","1,1733","1,1652","1,1753","1,1533","","0,24%"
"23.12.2007","1,1705","1,1873","1,1909","1,1654","","-1,48%"
"16.12.2007","1,1881","1,1824","1,1974","1,1810","","0,09%"
"09.12.2007","1,1870","1,1710","1,1885","1,1615","","1,18%"
"02.12.2007","1,1731","1,1829","1,1902","1,1671","","-0,88%"
"25.11.2007","1,1835","1,1976","1,2316","1,1687","","-1,40%"
"18.11.2007","1,2003","1,1858","1,2153","1,1803","","1,16%"
"11.11.2007","1,1865","1,2005","1,2210","1,1670","","-1,25%"
"04.11.2007","1,2015","1,1825","1,2049","1,1641","","1,60%"
"28.10.2007","1,1826","1,1899","1,1968","1,1639","","-0,61%"
"21.10.2007","1,1898","1,2228","1,2517","1,1807","","-2,19%"
"14.10.2007","1,2165","1,1933","1,2339","1,1912","","1,84%"
"07.10.2007","1,1945","1,1781","1,2036","1,1780","","1,16%"
"30.09.2007","1,1808","1,2075","1,2185","1,1768","","-2,18%"
"23.09.2007","1,2071","1,2251","1,2398","1,2025","","-1,63%"
"16.09.2007","1,2271","1,2626","1,2775","1,2206","","-2,73%"
"09.09.2007","1,2615","1,3083","1,3116","1,2546","","-3,61%"
"02.09.2007","1,3088","1,3003","1,3161","1,2871","","0,65%"
"26.08.2007","1,3003","1,3157","1,3432","1,2917","","-1,19%"
"19.08.2007","1,3160","1,3475","1,3847","1,3120","","-2,45%"
"12.08.2007","1,3490","1,2948","1,4240","1,2800","","4,23%"
"05.08.2007","1,2943","1,2750","1,3135","1,2500","","1,41%"
"29.07.2007","1,2763","1,3063","1,3263","1,2623","","-1,86%"
"22.07.2007","1,3005","1,2596","1,3306","1,2306","","2,44%"
"15.07.2007","1,2695","1,2690","1,2835","1,2610","","-0,13%"
"08.07.2007","1,2711","1,2917","1,3013","1,2677","","-1,41%"
"01.07.2007","1,2893","1,3100","1,3100","1,2870","","-1,77%"
"24.06.2007","1,3125","1,3105","1,3345","1,2995","","0,00%"
"17.06.2007","1,3125","1,3075","1,3165","1,2945","","0,31%"
"10.06.2007","1,3085","1,3385","1,3545","1,3035","","-2,84%"
"03.06.2007","1,3467","1,3125","1,3675","1,3075","","2,70%"
"27.05.2007","1,3113","1,3255","1,3390","1,3075","","-1,52%"
"20.05.2007","1,3315","1,3240","1,3395","1,3130","","0,40%"
"13.05.2007","1,3262","1,3355","1,3474","1,3153","","-0,86%"
"06.05.2007","1,3377","1,3460","1,3525","1,3305","","-0,87%"
"29.04.2007","1,3495","1,3565","1,3945","1,3435","","1,31%"
"22.04.2007","1,3320","1,3425","1,3505","1,3225","","-0,77%"
"15.04.2007","1,3423","1,3685","1,3695","1,3355","","-2,13%"
"08.04.2007","1,3715","1,3665","1,3815","1,3635","","0,16%"
"01.04.2007","1,3693","1,3900","1,3945","1,3620","","-1,63%"
"25.03.2007","1,3920","1,3860","1,4011","1,3795","","0,47%"
"18.03.2007","1,3855","1,4075","1,4075","1,3765","","-1,67%"
"11.03.2007","1,4090","1,4060","1,4365","1,3980","","0,07%"
"04.03.2007","1,4080","1,4455","1,4640","1,4055","","-1,81%"
"25.02.2007","1,4340","1,3805","1,4415","1,3755","","3,73%"
"18.02.2007","1,3825","1,3865","1,3908","1,3750","","-0,31%"
"11.02.2007","1,3868","1,4065","1,4170","1,3815","","-1,26%"
"04.02.2007","1,4045","1,4035","1,4118","1,3915","","0,00%"
"28.01.2007","1,4045","1,4365","1,4365","1,3915","","-2,06%"
"21.01.2007","1,4340","1,4115","1,4393","1,4015","","1,27%"
"14.01.2007","1,4160","1,4285","1,4363","1,4095","","-1,03%"
"07.01.2007","1,4308","1,4487","1,4607","1,4268","","-0,95%"
"31.12.2006","1,4445","1,4168","1,4520","1,4060","","2,05%"
"24.12.2006","1,4155","1,4265","1,4315","1,4065","","-0,91%"
"17.12.2006","1,4285","1,4265","1,4415","1,4210","","0,14%"
"10.12.2006","1,4265","1,4345","1,4390","1,4150","","-0,38%"
"03.12.2006","1,4320","1,4570","1,4620","1,4215","","-1,53%"
"26.11.2006","1,4542","1,4660","1,4910","1,4380","","-0,84%"
"19.11.2006","1,4665","1,4425","1,4877","1,4425","","1,42%"
"12.11.2006","1,4460","1,4535","1,4540","1,4310","","-0,21%"
"05.11.2006","1,4490","1,4560","1,4610","1,4345","","-0,16%"
"29.10.2006","1,4513","1,4450","1,4785","1,4405","","0,47%"
"22.10.2006","1,4445","1,4618","1,4815","1,4415","","-1,18%"
"15.10.2006","1,4618","1,4785","1,4860","1,4530","","-0,59%"
"08.10.2006","1,4705","1,5005","1,5065","1,4595","","-1,87%"
"01.10.2006","1,4985","1,5120","1,5245","1,4860","","-1,06%"
"24.09.2006","1,5145","1,5175","1,5350","1,4875","","-0,43%"
"17.09.2006","1,5210","1,4650","1,5510","1,4570","","3,47%"
"10.09.2006","1,4700","1,4775","1,4930","1,4610","","-0,61%"
"03.09.2006","1,4790","1,4605","1,4920","1,4395","","1,11%"
"27.08.2006","1,4628","1,4862","1,4902","1,4457","","-1,86%"
"20.08.2006","1,4905","1,4510","1,4938","1,4420","","2,51%"
"13.08.2006","1,4540","1,4515","1,4816","1,4320","","0,00%"
"06.08.2006","1,4540","1,4725","1,4785","1,4400","","-1,74%"
"30.07.2006","1,4798","1,4777","1,5067","1,4548","","-0,70%"
"23.07.2006","1,4903","1,5505","1,5610","1,4860","","-3,98%"
"16.07.2006","1,5520","1,5875","1,6080","1,5450","","-1,93%"
"09.07.2006","1,5825","1,5555","1,6065","1,5365","","1,65%"
"02.07.2006","1,5568","1,5840","1,6160","1,5305","","-1,62%"
"25.06.2006","1,5825","1,6985","1,7220","1,5605","","-7,51%"
"18.06.2006","1,7110","1,5865","1,7595","1,5865","","7,92%"
"11.06.2006","1,5855","1,5475","1,6250","1,5335","","2,85%"
"04.06.2006","1,5415","1,6095","1,6095","1,5075","","-4,22%"
"28.05.2006","1,6095","1,5295","1,6195","1,5190","","5,16%"
"21.05.2006","1,5305","1,4855","1,5675","1,4825","","3,03%"
"14.05.2006","1,4855","1,4230","1,5360","1,4080","","6,08%"
"07.05.2006","1,4003","1,3170","1,4245","1,3130","","6,24%"
"30.04.2006","1,3181","1,3200","1,3277","1,3130","","-0,33%"
"23.04.2006","1,3225","1,3240","1,3312","1,3170","","-0,15%"
"16.04.2006","1,3245","1,3480","1,3515","1,3225","","-1,95%"
"09.04.2006","1,3508","1,3397","1,3558","1,3363","","0,96%"
"02.04.2006","1,3380","1,3440","1,3491","1,3290","","-0,48%"
"26.03.2006","1,3445","1,3500","1,3675","1,3405","","0,36%"
"19.03.2006","1,3397","1,3272","1,3560","1,3265","","1,07%"
"12.03.2006","1,3255","1,3450","1,3550","1,3170","","-1,43%"
"05.03.2006","1,3447","1,3062","1,3603","1,3008","","2,88%"
"26.02.2006","1,3070","1,3177","1,3225","1,2965","","-1,06%"
"19.02.2006","1,3210","1,3205","1,3360","1,3095","","0,04%"
"12.02.2006","1,3205","1,3305","1,3425","1,3180","","-0,79%"
"05.02.2006","1,3310","1,3290","1,3367","1,3205","","0,26%"
"29.01.2006","1,3275","1,3280","1,3320","1,3190","","0,26%"
"22.01.2006","1,3240","1,3295","1,3322","1,3170","","-0,91%"
"15.01.2006","1,3362","1,3353","1,3422","1,3277","","-0,17%"
"08.01.2006","1,3385","1,3310","1,3570","1,3290","","0,71%"
"01.01.2006","1,3290","1,3500","1,3520","1,3255","","-1,59%"
"25.12.2005","1,3505","1,3475","1,3526","1,3430","","-0,04%"
"18.12.2005","1,3510","1,3495","1,3570","1,3450","","0,11%"
"11.12.2005","1,3495","1,3545","1,3585","1,3390","","-0,63%"
"04.12.2005","1,3580","1,3575","1,3614","1,3495","","0,07%"
"27.11.2005","1,3570","1,3575","1,3645","1,3515","","-0,04%"
"20.11.2005","1,3575","1,3640","1,3718","1,3530","","-0,66%"
"13.11.2005","1,3665","1,3605","1,3751","1,3505","","0,32%"
"06.11.2005","1,3622","1,3600","1,3695","1,3540","","0,12%"
"30.10.2005","1,3605","1,3515","1,3615","1,3425","","0,67%"
"23.10.2005","1,3515","1,3635","1,3675","1,3455","","-0,88%"
"16.10.2005","1,3635","1,3655","1,3785","1,3550","","-0,47%"
"09.10.2005","1,3700","1,3445","1,3767","1,3390","","1,67%"
"02.10.2005","1,3475","1,3550","1,3745","1,3295","","0,07%"
"25.09.2005","1,3465","1,3465","1,3585","1,3400","","-0,11%"
"18.09.2005","1,3480","1,3415","1,3585","1,3315","","0,41%"
"11.09.2005","1,3425","1,3370","1,3520","1,3310","","0,52%"
"04.09.2005","1,3355","1,3335","1,3414","1,3255","","-0,07%"
"28.08.2005","1,3365","1,3565","1,3645","1,3320","","-1,60%"
"21.08.2005","1,3582","1,3792","1,3807","1,3527","","-1,69%"
"14.08.2005","1,3815","1,3505","1,3827","1,3410","","2,37%"
"07.08.2005","1,3495","1,3170","1,3551","1,3145","","2,51%"
"31.07.2005","1,3165","1,3240","1,3284","1,3090","","-0,71%"
"24.07.2005","1,3259","1,3395","1,3565","1,3220","","-1,02%"
"17.07.2005","1,3395","1,3335","1,3491","1,3190","","0,60%"
"10.07.2005","1,3315","1,3435","1,3480","1,3260","","-0,89%"
"03.07.2005","1,3435","1,3395","1,3750","1,3370","","0,60%"
"26.06.2005","1,3355","1,3495","1,3565","1,3295","","-1,04%"
"19.06.2005","1,3495","1,3595","1,3695","1,3475","","-0,44%"
"12.06.2005","1,3555","1,3675","1,3855","1,3525","","-0,80%"
"05.06.2005","1,3665","1,3645","1,3785","1,3550","","0,00%"
"29.05.2005","1,3665","1,3755","1,3795","1,3365","","-0,29%"
"22.05.2005","1,3705","1,3785","1,3965","1,3645","","-0,51%"
"15.05.2005","1,3775","1,3725","1,3905","1,3585","","0,29%"
"08.05.2005","1,3735","1,3555","1,3785","1,3520","","1,70%"
"01.05.2005","1,3505","1,3965","1,3975","1,3355","","-2,95%"
"24.04.2005","1,3915","1,3605","1,4110","1,3570","","2,58%"
"17.04.2005","1,3565","1,3690","1,3860","1,3525","","-0,73%"
"10.04.2005","1,3665","1,3465","1,3875","1,3365","","1,33%"
"03.04.2005","1,3485","1,3535","1,3795","1,3365","","-0,55%"
"27.03.2005","1,3560","1,3535","1,3995","1,3325","","0,11%"
"20.03.2005","1,3545","1,3105","1,3755","1,3105","","3,20%"
"13.03.2005","1,3125","1,2665","1,3435","1,2665","","2,74%"
"06.03.2005","1,2775","1,2570","1,2925","1,2490","","1,63%"
"27.02.2005","1,2570","1,2920","1,2935","1,2550","","-2,71%"
"20.02.2005","1,2920","1,3070","1,3110","1,2895","","-1,49%"
"13.02.2005","1,3115","1,3190","1,3235","1,3035","","-0,68%"
"06.02.2005","1,3205","1,3175","1,3495","1,3105","","0,53%"
"30.01.2005","1,3135","1,3375","1,3455","1,3075","","-1,76%"
"23.01.2005","1,3370","1,3410","1,3508","1,3155","","-0,41%"
"16.01.2005","1,3425","1,3540","1,3560","1,3350","","-0,37%"
"09.01.2005","1,3475","1,3965","1,4125","1,3325","","-3,51%"
"02.01.2005","1,3965","1,3475","1,4175","1,3275","","3,56%"
"26.12.2004","1,3485","1,3715","1,3735","1,3365","","-1,39%"
"19.12.2004","1,3675","1,3995","1,4095","1,3655","","-2,36%"
"12.12.2004","1,4005","1,4335","1,4365","1,3980","","-2,23%"
"05.12.2004","1,4325","1,4015","1,4595","1,3925","","2,16%"
"28.11.2004","1,4022","1,4232","1,4432","1,4002","","-1,43%"
"21.11.2004","1,4225","1,4415","1,4450","1,4195","","-1,18%"
"14.11.2004","1,4395","1,4495","1,4645","1,4375","","-0,70%"
"07.11.2004","1,4497","1,4583","1,4688","1,4497","","-0,57%"
"31.10.2004","1,4580","1,4735","1,4840","1,4530","","-0,92%"
"24.10.2004","1,4715","1,4830","1,4865","1,4715","","-0,67%"
"17.10.2004","1,4815","1,4900","1,4915","1,4730","","-0,47%"
"10.10.2004","1,4885","1,4940","1,5004","1,4835","","-0,30%"
"03.10.2004","1,4930","1,5073","1,5145","1,4895","","-1,03%"
"26.09.2004","1,5085","1,5005","1,5125","1,4915","","0,94%"
"19.09.2004","1,4945","1,5275","1,5495","1,4865","","-1,77%"
"12.09.2004","1,5215","1,4930","1,5300","1,4900","","1,74%"
"05.09.2004","1,4955","1,5065","1,5175","1,4845","","-0,93%"
"29.08.2004","1,5095","1,5155","1,5225","1,4935","","-0,40%"
"22.08.2004","1,5155","1,4815","1,5335","1,4795","","2,40%"
"15.08.2004","1,4800","1,4655","1,4865","1,4485","","1,06%"
"08.08.2004","1,4645","1,4485","1,4860","1,4415","","1,42%"
"01.08.2004","1,4440","1,4640","1,4915","1,4440","","-1,63%"
"25.07.2004","1,4680","1,4685","1,5021","1,4615","","-0,17%"
"18.07.2004","1,4705","1,4330","1,4770","1,4250","","2,94%"
"11.07.2004","1,4285","1,4475","1,4530","1,4225","","-1,18%"
"04.07.2004","1,4455","1,4460","1,4570","1,4330","","-0,24%"
"27.06.2004","1,4490","1,4930","1,4990","1,4450","","-2,85%"
"20.06.2004","1,4915","1,4855","1,5005","1,4815","","0,13%"
"13.06.2004","1,4895","1,4990","1,5185","1,4825","","-0,73%"
"06.06.2004","1,5005","1,4925","1,5045","1,4615","","0,44%"
"30.05.2004","1,4940","1,5025","1,5315","1,4765","","-0,50%"
"23.05.2004","1,5015","1,5490","1,5490","1,4840","","-3,00%"
"16.05.2004","1,5480","1,5310","1,5670","1,5150","","1,08%"
"09.05.2004","1,5314","1,5219","1,5769","1,5079","","0,85%"
"02.05.2004","1,5185","1,4195","1,5195","1,4135","","6,89%"
"25.04.2004","1,4206","1,3826","1,4576","1,3711","","2,79%"
"18.04.2004","1,3820","1,3525","1,3970","1,3425","","1,65%"
"11.04.2004","1,3596","1,3371","1,3881","1,3351","","1,84%"
"04.04.2004","1,3350","1,3120","1,3520","1,3070","","1,79%"
"28.03.2004","1,3115","1,3215","1,3255","1,3025","","-0,76%"
"21.03.2004","1,3216","1,3186","1,3296","1,3116","","0,20%"
"14.03.2004","1,3190","1,3205","1,3325","1,3080","","-0,20%"
"07.03.2004","1,3216","1,3166","1,3286","1,3096","","0,16%"
"29.02.2004","1,3195","1,3285","1,3395","1,3160","","-0,57%"
"22.02.2004","1,3270","1,3340","1,3380","1,3160","","-0,35%"
"15.02.2004","1,3317","1,3067","1,3377","1,3007","","1,79%"
"08.02.2004","1,3083","1,3408","1,3648","1,3083","","-2,37%"
"01.02.2004","1,3400","1,3385","1,3545","1,3205","","-0,07%"
"25.01.2004","1,3410","1,3275","1,3575","1,3090","","0,89%"
"18.01.2004","1,3292","1,3617","1,3712","1,3237","","-2,30%"
"11.01.2004","1,3605","1,3525","1,3745","1,3315","","0,68%"
"04.01.2004","1,3513","1,3898","1,3898","1,3468","","-2,89%"
"28.12.2003","1,3915","1,4166","1,4185","1,3875","","-1,70%"
"21.12.2003","1,4155","1,4315","1,4395","1,4095","","-1,12%"
"14.12.2003","1,4315","1,4375","1,4405","1,4190","","0,01%"
"07.12.2003","1,4314","1,4479","1,4534","1,4239","","-0,78%"
"30.11.2003","1,4427","1,4618","1,4683","1,4418","","-1,42%"
"23.11.2003","1,4635","1,4725","1,4745","1,4565","","-0,54%"
"16.11.2003","1,4715","1,4775","1,4925","1,4486","","-0,12%"
"09.11.2003","1,4732","1,4916","1,4966","1,4666","","-1,34%"
"02.11.2003","1,4932","1,4817","1,5127","1,4617","","0,59%"
"26.10.2003","1,4844","1,4905","1,5325","1,4730","","-0,44%"
"19.10.2003","1,4910","1,4519","1,4989","1,4339","","3,29%"
"12.10.2003","1,4435","1,3810","1,4610","1,3810","","4,34%"
"05.10.2003","1,3835","1,3754","1,3934","1,3599","","-1,16%"
"28.09.2003","1,3998","1,3773","1,4213","1,3743","","1,94%"
"21.09.2003","1,3732","1,3637","1,3857","1,3417","","0,60%"
"14.09.2003","1,3650","1,3770","1,3850","1,3620","","-0,84%"
"07.09.2003","1,3765","1,3865","1,3970","1,3675","","-0,30%"
"31.08.2003","1,3807","1,4032","1,4047","1,3772","","-1,51%"
"24.08.2003","1,4018","1,3922","1,4212","1,3802","","0,65%"
"17.08.2003","1,3928","1,3943","1,4098","1,3813","","-0,37%"
"10.08.2003","1,3980","1,4050","1,4200","1,3910","","-0,39%"
"03.08.2003","1,4035","1,4136","1,4251","1,3856","","-1,96%"
"27.07.2003","1,4315","1,4169","1,4469","1,4079","","1,13%"
"20.07.2003","1,4155","1,4025","1,4415","1,3825","","0,93%"
"13.07.2003","1,4025","1,3955","1,4115","1,3705","","0,36%"
"06.07.2003","1,3975","1,3995","1,4295","1,3860","","0,29%"
"29.06.2003","1,3935","1,4205","1,4225","1,3895","","-2,00%"
"22.06.2003","1,4220","1,4300","1,4500","1,4150","","-0,66%"
"15.06.2003","1,4315","1,4295","1,4395","1,4057","","0,46%"
"08.06.2003","1,4250","1,4290","1,4490","1,4100","","0,00%"
"01.06.2003","1,4250","1,4320","1,4575","1,4190","","-0,28%"
"25.05.2003","1,4290","1,4690","1,4720","1,4190","","-2,66%"
"18.05.2003","1,4680","1,5050","1,5100","1,4560","","-2,46%"
"11.05.2003","1,5050","1,4990","1,5125","1,4790","","0,03%"
"04.05.2003","1,5045","1,5405","1,5475","1,4945","","-2,59%"
"27.04.2003","1,5445","1,5980","1,6000","1,5330","","-3,35%"
"20.04.2003","1,5980","1,6000","1,6150","1,5880","","-0,28%"
"13.04.2003","1,6025","1,6495","1,6495","1,5975","","-2,76%"
"06.04.2003","1,6480","1,6560","1,6715","1,6300","","-0,78%"
"30.03.2003","1,6610","1,7100","1,7210","1,6530","","-2,60%"
"23.03.2003","1,7054","1,7334","1,7744","1,6854","","-1,79%"
"16.03.2003","1,7365","1,6565","1,7435","1,6315","","6,37%"
"09.03.2003","1,6325","1,6225","1,6605","1,5985","","0,62%"
"02.03.2003","1,6225","1,6670","1,6840","1,5915","","1,60%"
"23.02.2003","1,5970","1,6130","1,6320","1,5880","","-1,66%"
"16.02.2003","1,6240","1,6530","1,6560","1,6160","","-1,90%"
"09.02.2003","1,6555","1,6355","1,6569","1,6275","","1,27%"
"02.02.2003","1,6347","1,6512","1,6578","1,6267","","-0,93%"
"26.01.2003","1,6500","1,6650","1,6760","1,6390","","-1,20%"
"19.01.2003","1,6700","1,6760","1,6800","1,6550","","-0,30%"
"12.01.2003","1,6750","1,6710","1,6880","1,6520","","0,24%"
"05.01.2003","1,6710","1,6500","1,7080","1,6480","","1,43%"
"29.12.2002","1,6475","1,6555","1,6745","1,6315","","-0,42%"
"22.12.2002","1,6545","1,6425","1,7005","1,6245","","0,88%"
"15.12.2002","1,6400","1,5360","1,6630","1,5340","","6,63%"
"08.12.2002","1,5380","1,5650","1,5820","1,5280","","-1,41%"
"01.12.2002","1,5600","1,5350","1,5600","1,5050","","1,40%"
"24.11.2002","1,5385","1,5865","1,5865","1,5305","","-2,63%"
"17.11.2002","1,5800","1,6030","1,6040","1,5660","","-1,37%"
"10.11.2002","1,6020","1,6170","1,6540","1,6000","","-0,93%"
"03.11.2002","1,6170","1,7250","1,7400","1,6060","","-4,43%"
"27.10.2002","1,6920","1,6880","1,7030","1,6630","","0,30%"
"20.10.2002","1,6870","1,6610","1,6890","1,6510","","1,63%"
"13.10.2002","1,6600","1,6450","1,6660","1,6360","","0,73%"
"06.10.2002","1,6480","1,6480","1,6660","1,6310","","0,24%"
"29.09.2002","1,6440","1,6670","1,6700","1,6310","","-1,26%"
"22.09.2002","1,6650","1,6630","1,6690","1,6400","","0,18%"
"15.09.2002","1,6620","1,6630","1,6785","1,6510","","-0,60%"
"08.09.2002","1,6720","1,6280","1,6970","1,6280","","2,26%"
"01.09.2002","1,6350","1,6370","1,6625","1,6100","","0,31%"
"25.08.2002","1,6300","1,6470","1,6480","1,6100","","-0,76%"
"18.08.2002","1,6425","1,6425","1,6535","1,6175","","0,15%"
"11.08.2002","1,6400","1,6480","1,6730","1,6170","","-0,49%"
"04.08.2002","1,6480","1,6440","1,6680","1,6090","","0,18%"
"28.07.2002","1,6450","1,6870","1,7080","1,6320","","-2,66%"
"21.07.2002","1,6900","1,6870","1,7060","1,6650","","1,05%"
"14.07.2002","1,6725","1,6665","1,7035","1,6325","","0,39%"
"07.07.2002","1,6660","1,6280","1,7140","1,6160","","3,16%"
"30.06.2002","1,6150","1,5800","1,6750","1,5500","","2,05%"
"23.06.2002","1,5825","1,5675","1,6685","1,5305","","0,96%"
"16.06.2002","1,5675","1,5865","1,6125","1,5145","","-0,76%"
"09.06.2002","1,5795","1,4655","1,5915","1,4385","","7,96%"
"02.06.2002","1,4630","1,4430","1,4750","1,4150","","1,63%"
"26.05.2002","1,4395","1,4215","1,4595","1,3695","","1,91%"
"19.05.2002","1,4125","1,4615","1,4625","1,3695","","-3,42%"
"12.05.2002","1,4625","1,3805","1,4695","1,3665","","5,79%"
"05.05.2002","1,3825","1,3695","1,3945","1,3575","","0,91%"
"28.04.2002","1,3700","1,3550","1,3790","1,3210","","0,92%"
"21.04.2002","1,3575","1,3115","1,3900","1,3075","","3,94%"
"14.04.2002","1,3060","1,3070","1,3230","1,2865","","-0,04%"
"07.04.2002","1,3065","1,3065","1,3315","1,2785","","-0,27%"
"31.03.2002","1,3100","1,3490","1,3610","1,3050","","-2,78%"
"24.03.2002","1,3475","1,3445","1,3505","1,3275","","0,26%"
"17.03.2002","1,3440","1,3510","1,3690","1,3230","","-0,26%"
"10.03.2002","1,3475","1,3715","1,3765","1,3475","","-1,32%"
"03.03.2002","1,3655","1,3925","1,3975","1,3605","","-1,80%"
"24.02.2002","1,3905","1,3885","1,4215","1,3605","","0,18%"
"17.02.2002","1,3880","1,3580","1,4220","1,3470","","2,51%"
"10.02.2002","1,3540","1,3930","1,4200","1,3310","","-3,46%"
"03.02.2002","1,4025","1,3105","1,4025","1,2955","","7,27%"
"27.01.2002","1,3075","1,3585","1,3635","1,2965","","-3,86%"
"20.01.2002","1,3600","1,3500","1,3730","1,3050","","0,78%"
"13.01.2002","1,3495","1,3835","1,3925","1,3475","","-2,17%"
"06.01.2002","1,3795","1,4145","1,4195","1,3635","","-2,44%"
"30.12.2001","1,4140","1,4510","1,4720","1,3720","","-2,38%"
"23.12.2001","1,4485","1,4805","1,4855","1,4015","","-2,29%"
"16.12.2001","1,4825","1,4425","1,4925","1,4325","","2,24%"
"09.12.2001","1,4500","1,4600","1,4730","1,4020","","-0,41%"
"02.12.2001","1,4560","1,4940","1,4980","1,4400","","-1,56%"
"25.11.2001","1,4790","1,4930","1,5060","1,4050","","-0,94%"
"18.11.2001","1,4930","1,5130","1,5600","1,3940","","-1,48%"
"11.11.2001","1,5155","1,5595","1,6085","1,4925","","-3,16%"
"04.11.2001","1,5650","1,5860","1,6400","1,5250","","0,00%"
"28.10.2001","1,5650","1,6200","1,6380","1,5350","","-2,95%"
"21.10.2001","1,6125","1,6585","1,7025","1,5225","","-2,33%"
"14.10.2001","1,6510","1,5850","1,6580","1,5170","","3,84%"
"07.10.2001","1,5900","1,5700","1,6630","1,5040","","-0,62%"
"30.09.2001","1,6000","1,5470","1,6800","1,4730","","3,90%"
"23.09.2001","1,5400","1,5450","1,5880","1,4560","","-0,32%"
"16.09.2001","1,5450","1,4600","1,5600","1,4270","","2,32%"
"09.09.2001","1,5100","1,4200","1,5110","1,3680","","7,28%"
"02.09.2001","1,4075","1,3135","1,4875","1,2950","","2,74%"
"26.08.2001","1,3700","1,4450","1,4700","1,2850","","-5,97%"
"19.08.2001","1,4570","1,4300","1,4930","1,3850","","4,07%"
"12.08.2001","1,4000","1,3900","1,5250","1,3700","","0,68%"
"05.08.2001","1,3905","1,3275","1,4085","1,3065","","3,19%"
"29.07.2001","1,3475","1,3175","1,3725","1,2735","","2,08%"
"22.07.2001","1,3200","1,3150","1,3600","1,2240","","-0,56%"
"15.07.2001","1,3275","1,3275","1,5125","1,2525","","-1,30%"
"08.07.2001","1,3450","1,3350","1,3860","1,2310","","0,00%"
"01.07.2001","1,3450","1,2900","1,3850","1,2190","","6,32%"
"24.06.2001","1,2650","1,2810","1,3253","1,1665","","-1,56%"
"17.06.2001","1,2850","1,1850","1,3160","1,1350","","7,58%"
"10.06.2001","1,1945","1,1595","1,2425","1,1025","","2,97%"
"03.06.2001","1,1600","1,1630","1,2250","1,1000","","0,87%"
"27.05.2001","1,1500","1,1310","1,2400","1,0550","","3,24%"
"20.05.2001","1,1139","1,1171","1,1464","1,0549","","0,35%"
"13.05.2001","1,1100","1,1400","1,1570","1,0985","","-3,65%"
"06.05.2001","1,1520","1,1080","1,1780","1,1060","","1,50%"
"29.04.2001","1,1350","1,1250","1,2550","1,1250","","1,34%"
"22.04.2001","1,1200","1,2340","1,2720","1,1100","","-9,71%"
"15.04.2001","1,2405","1,1725","1,3170","1,1025","","8,82%"
"08.04.2001","1,1400","1,2130","1,3300","1,1200","","-5,04%"
"01.04.2001","1,2005","1,0450","1,3050","1,0050","","14,88%"
"25.03.2001","1,0450","1,0050","1,1450","0,8450","","6,15%"
"18.03.2001","0,9845","0,9625","1,0111","0,9295","","-1,06%"
"11.03.2001","0,9950","0,9150","1,0560","0,8750","","11,36%"
"04.03.2001","0,8935","0,9479","0,9743","0,8835","","-2,88%"
"25.02.2001","0,9200","0,8700","1,1311","0,8000","","-5,64%"
"18.02.2001","0,9750","0,9604","1,4250","0,9578","","42,09%"
"11.02.2001","0,6862","0,6799","0,6887","0,6787","","0,84%"
"04.02.2001","0,6805","0,6745","0,6840","0,6732","","0,73%"
"28.01.2001","0,6756","0,6781","0,6817","0,6713","","-0,37%"
"21.01.2001","0,6781","0,6731","0,6812","0,6704","","0,67%"
"14.01.2001","0,6736","0,6678","0,6744","0,6678","","1,00%"
"07.01.2001","0,6669","0,6639","0,6701","0,6630","","0,44%"
"31.12.2000","0,6640","0,6677","0,6706","0,6622","","-0,94%"
"24.12.2000","0,6703","0,6717","0,6731","0,6679","","-0,15%"
"17.12.2000","0,6713","0,6774","0,6806","0,6697","","-1,00%"
"10.12.2000","0,6781","0,6802","0,6844","0,6752","","-0,28%"
"03.12.2000","0,6800","0,6807","0,6819","0,6752","","-0,25%"
"26.11.2000","0,6817","0,6912","0,6918","0,6797","","-1,53%"
"19.11.2000","0,6923","0,6862","0,6924","0,6854","","0,84%"
"12.11.2000","0,6865","0,6803","0,6865","0,6795","","0,79%"
"05.11.2000","0,6811","0,6781","0,6833","0,6758","","0,52%"
"29.10.2000","0,6776","0,6842","0,6850","0,6739","","-1,07%"
"22.10.2000","0,6849","0,6833","0,6892","0,6824","","0,37%"
"15.10.2000","0,6824","0,6771","0,6848","0,6763","","0,96%"
"08.10.2000","0,6759","0,6710","0,6763","0,6692","","0,64%"
"01.10.2000","0,6716","0,6652","0,6719","0,6638","","1,05%"
"24.09.2000","0,6646","0,6642","0,6674","0,6625","","0,18%"
"17.09.2000","0,6634","0,6707","0,6740","0,6589","","-0,63%"
"10.09.2000","0,6676","0,6635","0,6684","0,6633","","0,53%"
"03.09.2000","0,6641","0,6519","0,6653","0,6514","","1,70%"
"27.08.2000","0,6530","0,6491","0,6554","0,6489","","0,57%"
"20.08.2000","0,6493","0,6464","0,6521","0,6462","","0,43%"
"13.08.2000","0,6465","0,6459","0,6466","0,6418","","0,14%"
"06.08.2000","0,6456","0,6423","0,6466","0,6413","","0,51%"
"30.07.2000","0,6423","0,6360","0,6432","0,6348","","1,05%"
"23.07.2000","0,6356","0,6306","0,6362","0,6289","","0,86%"
"16.07.2000","0,6302","0,6288","0,6344","0,6271","","0,30%"
"09.07.2000","0,6283","0,6228","0,6295","0,6214","","0,69%"
"02.07.2000","0,6240","0,6207","0,6240","0,6192","","0,58%"
"25.06.2000","0,6204","0,6230","0,6244","0,6176","","-0,40%"
"18.06.2000","0,6229","0,6125","0,6232","0,6115","","1,70%"
"11.06.2000","0,6125","0,6140","0,6156","0,6108","","-0,13%"
"04.06.2000","0,6133","0,6134","0,6154","0,6075","","-0,03%"
"28.05.2000","0,6135","0,6149","0,6169","0,6117","","-0,57%"
"21.05.2000","0,6170","0,6229","0,6229","0,6169","","-1,01%"
"14.05.2000","0,6233","0,6133","0,6233","0,6133","","1,19%"
"07.05.2000","0,6160","0,6158","0,6189","0,6127","","-0,32%"
"30.04.2000","0,6180","0,6108","0,6192","0,6094","","1,10%"
"23.04.2000","0,6113","0,6006","0,6118","0,5995","","1,70%"
"16.04.2000","0,6011","0,5916","0,6013","0,5907","","1,43%"
"09.04.2000","0,5926","0,5916","0,5947","0,5896","","0,27%"
"02.04.2000","0,5910","0,5897","0,5921","0,5863","","0,32%"
"26.03.2000","0,5891","0,5809","0,5898","0,5809","","1,20%"